ps_category_list_id;ps_product_name;ps_product_description;ps_price;ps_stock;ps_product_weight;ps_days_to_ship;ps_sku_ref_no_parent;ps_mass_upload_variation_help;ps_variation 1 ps_variation_sku;ps_variation 1 ps_variation_name;ps_variation 1 ps_variation_price;ps_variation 1 ps_variation_stock;ps_variation 2 ps_variation_sku;ps_variation 2 ps_variation_name;ps_variation 2 ps_variation_price;ps_variation 2 ps_variation_stock;ps_variation 3 ps_variation_sku;ps_variation 3 ps_variation_name;ps_variation 3 ps_variation_price;ps_variation 3 ps_variation_stock;ps_variation 4 ps_variation_sku;ps_variation 4 ps_variation_name;ps_variation 4 ps_variation_price;ps_variation 4 ps_variation_stock;ps_variation 5 ps_variation_sku;ps_variation 5 ps_variation_name;ps_variation 5 ps_variation_price;ps_variation 5 ps_variation_stock;ps_variation 6 ps_variation_sku;ps_variation 6 ps_variation_name;ps_variation 6 ps_variation_price;ps_variation 6 ps_variation_stock;ps_variation 7 ps_variation_sku;ps_variation 7 ps_variation_name;ps_variation 7 ps_variation_price;ps_variation 7 ps_variation_stock;ps_variation 8 ps_variation_sku;ps_variation 8 ps_variation_name;ps_variation 8 ps_variation_price;ps_variation 8 ps_variation_stock;ps_variation 9 ps_variation_sku;ps_variation 9 ps_variation_name;ps_variation 9 ps_variation_price;ps_variation 9 ps_variation_stock;ps_variation 10 ps_variation_sku;ps_variation 10 ps_variation_name;ps_variation 10 ps_variation_price;ps_variation 10 ps_variation_stock;ps_variation 11 ps_variation_sku;ps_variation 11 ps_variation_name;ps_variation 11 ps_variation_price;ps_variation 11 ps_variation_stock;ps_variation 12 ps_variation_sku;ps_variation 12 ps_variation_name;ps_variation 12 ps_variation_price;ps_variation 12 ps_variation_stock;ps_variation 13 ps_variation_sku;ps_variation 13 ps_variation_name;ps_variation 13 ps_variation_price;ps_variation 13 ps_variation_stock;ps_variation 14 ps_variation_sku;ps_variation 14 ps_variation_name;ps_variation 14 ps_variation_price;ps_variation 14 ps_variation_stock;ps_variation 15 ps_variation_sku;ps_variation 15 ps_variation_name;ps_variation 15 ps_variation_price;ps_variation 15 ps_variation_stock;ps_img_1;ps_img_2;ps_img_3;ps_img_4;ps_img_5;ps_img_6;ps_img_7;ps_img_8;ps_img_9
0;พิมพ์กดคุกกี้ พลาสติก ลายมายเมโลดี้;"แผ่นรองอบเทฟลอน สีขาว Teflon ขนาดกลาง 30x40 ซม. 1 แผ่น

แผ่นรองอบเทฟลอน สีขาว Teflon ขนาดกลาง 30x40 ซม.
ใช้ซ้ำได้หลายครั้ง 
สามารถตัดโดยกรรไกร เพื่อให้ขนาดพอดีกับเตาอบ
ทำจากใย Fiberglass ชั้นดี ทนทานและปลอดภัยกับอาหาร
สินค้าพร้อมส่ง
แผ่นรองอบเบเกอรี่ สีขาว ขนาดกลาง 30x40 cm ทำจากใย fiberglass ที่ให้คุณสมบัติช่วยกระจายความร้อน แล้วเคลือบด้วยเทฟลอน เหมาะที่จะรองอบขนมต่างๆ ราคาไม่แพง สามารถนำมาตัดให้ได้ขนาดตามที่ต้องการได้และสามารถทำความสะอาดและใช้ซ้ำได้เรื่อยๆ ใช้รองอบขนมได้ทุกอย่าง

คุณสมบัติ
– Non-stick ไปติดกับอาหารที่วาง
– ทนความร้อนได้ทั้งต่ำมากและสูงมาก (-73°C ถึง 260°C)
– กันน้ำ ล้างทำความสะอาดได้
– ไม่ทำปฏิกริยากับสารอื่น มีความปลอดภัยกับอาหาร
– แข็งแรง ไม่ฉีกขาดง่าย";55;19;0.03;0;cartoon0008;;;;;;;;;;;;;;;;;;;;;;;;;;;;;;;;;;;;;;;;;;;;;;;;;;;;;;;;;;;;;;https://cdn.shopify.com/s/files/1/1498/3814/products/Pink-Plastics-Cartoon-Girls-Cake-Cutter-Mold-Cookie-Bake-Kitchen-Tools-2sets-4pcs-D833.jpg?v=1491316677;https://cdn.shopify.com/s/files/1/1498/3814/products/Pink-Plastics-Cartoon-Girls-Cake-Cutter-Mold-Cookie-Bake-Kitchen-Tools-2sets-4pcs-D833_ceba5c68-2f0c-4ff3-bce0-6265b992750e.jpg?v=1491316677;https://cdn.shopify.com/s/files/1/1498/3814/products/Pink-Plastics-Cartoon-Girls-Cake-Cutter-Mold-Cookie-Bake-Kitchen-Tools-2sets-4pcs-D833_a3f730dc-96b5-4621-baef-10cbc8887fd4.jpg?v=1491316678;;;;;;
