ps_category_list_id,ps_product_name,ps_product_description,ps_price,ps_stock,ps_product_weight,ps_days_to_ship,ps_sku_ref_no_parent,ps_mass_upload_variation_help,ps_variation 1 ps_variation_sku,ps_variation 1 ps_variation_name,ps_variation 1 ps_variation_price,ps_variation 1 ps_variation_stock,ps_variation 2 ps_variation_sku,ps_variation 2 ps_variation_name,ps_variation 2 ps_variation_price,ps_variation 2 ps_variation_stock,ps_variation 3 ps_variation_sku,ps_variation 3 ps_variation_name,ps_variation 3 ps_variation_price,ps_variation 3 ps_variation_stock,ps_variation 4 ps_variation_sku,ps_variation 4 ps_variation_name,ps_variation 4 ps_variation_price,ps_variation 4 ps_variation_stock,ps_variation 5 ps_variation_sku,ps_variation 5 ps_variation_name,ps_variation 5 ps_variation_price,ps_variation 5 ps_variation_stock,ps_variation 6 ps_variation_sku,ps_variation 6 ps_variation_name,ps_variation 6 ps_variation_price,ps_variation 6 ps_variation_stock,ps_variation 7 ps_variation_sku,ps_variation 7 ps_variation_name,ps_variation 7 ps_variation_price,ps_variation 7 ps_variation_stock,ps_variation 8 ps_variation_sku,ps_variation 8 ps_variation_name,ps_variation 8 ps_variation_price,ps_variation 8 ps_variation_stock,ps_variation 9 ps_variation_sku,ps_variation 9 ps_variation_name,ps_variation 9 ps_variation_price,ps_variation 9 ps_variation_stock,ps_variation 10 ps_variation_sku,ps_variation 10 ps_variation_name,ps_variation 10 ps_variation_price,ps_variation 10 ps_variation_stock,ps_variation 11 ps_variation_sku,ps_variation 11 ps_variation_name,ps_variation 11 ps_variation_price,ps_variation 11 ps_variation_stock,ps_variation 12 ps_variation_sku,ps_variation 12 ps_variation_name,ps_variation 12 ps_variation_price,ps_variation 12 ps_variation_stock,ps_variation 13 ps_variation_sku,ps_variation 13 ps_variation_name,ps_variation 13 ps_variation_price,ps_variation 13 ps_variation_stock,ps_variation 14 ps_variation_sku,ps_variation 14 ps_variation_name,ps_variation 14 ps_variation_price,ps_variation 14 ps_variation_stock,ps_variation 15 ps_variation_sku,ps_variation 15 ps_variation_name,ps_variation 15 ps_variation_price,ps_variation 15 ps_variation_stock,ps_img_1,ps_img_2,ps_img_3,ps_img_4,ps_img_5,ps_img_6,ps_img_7,ps_img_8,ps_img_9
0,กระเป๋าคาดอก ลำตัว สะพายคาดลำตัว ใส่ iPad Tablet ซิปแข็งแรงทนทาน เกรดส่งออกเกาหลี สีน้ำเงินเข้ม,"กระเป๋าคาดอก อย่างดี สะพายคาดลำตัวหรือพาดอก ใส่ iPad ,Tablet ได้
ซิปแข็งแรงทนทาน มี 4 สี รุ่น Weekeight
-----------------------------------------------------------------

สินค้าพร้อมส่ง

* กระเป๋าคาดอก อย่างดี สะพายคาดลำตัวหรือพาดอก
* เหมาะใช้ไปเที่ยวต่างประเทศ ใส่ของสำคัญไว้ ไม่ต้องกลัวหาย
หรือโดนล้วงกระเป๋า
* หนัก 340 กรัม ตัวกระเป๋า ขนาด 25x10x16 ซม.

สามารถใช้คาดลำตัว ด้านหน้า หรือด้านหลัง พกพาสะดวก
มีช่องซิปด้านหน้า 1 ช่อง และมีช่องซิปใหญ่ 2 ช่อง
และภายในช่องซิปยังแบ่งเป็นช่องเล็กๆ เหมาะสำหรับเดินทางท่องเที่ยว
ขนาดกะทัดรัด ใช้ได้ทั้งชายและหญิง
ซิปอย่างดี และผ้ากระเป๋าอย่างหน้า เกรดส่งออกเกาหลี

สามารถใส่กระเป๋าสตางค์ โทรศัพท์มือถือ ร่มพับ ขวดน้ำดื่ม และ iPad
, Tablet ขนาด 7.9 นิ้ว เป็นต้น

มีตัวเลือกสี่สี ส้ม เทาอ่อน น้ำตาล และน้ำเงินเข้ม",499.00,5,0.33,15,bag0007blue,"","","","","","","","","","","","","","","","","","","","","","","","","","","","","","","","","","","","","","","","","","","","","","","","","","","","","","","","","","","","","",https://cdn.shopify.com/s/files/1/1498/3814/products/4572375761_969215960_5b49bb09-e3ac-4d9f-9fb7-77e7a892321b.jpg?v=1509610553,https://cdn.shopify.com/s/files/1/1498/3814/products/blue_chest_bag_leisure_bag_e75bf363-5cd6-4096-9e6f-daf158bbe170.jpg?v=1509610553,https://cdn.shopify.com/s/files/1/1498/3814/products/4569001487_969215960_9e52b7ac-ba8e-4bf4-aefa-be7e3f091448.jpg?v=1509610553,https://cdn.shopify.com/s/files/1/1498/3814/products/4572387005_969215960_a1b74ae2-d34f-4a25-a937-956b8186ba4c.jpg?v=1509610553,https://cdn.shopify.com/s/files/1/1498/3814/products/4572372792_969215960_5c3a9b79-954c-4697-b390-8463ff98fb2a.jpg?v=1509610553,https://cdn.shopify.com/s/files/1/1498/3814/products/chestbag_fb964104-9e6f-44e8-a360-e30f91b07fd8.jpg?v=1509610553,https://cdn.shopify.com/s/files/1/1498/3814/products/orange_chest_bag_leisure_bag_9f3239da-c481-4c74-9a8a-4aec5c7cfed6.jpg?v=1509610553,https://cdn.shopify.com/s/files/1/1498/3814/products/4567802741_969215960_2330910c-2177-4f16-98a7-9d1eeefc7d71.jpg?v=1509610553,https://cdn.shopify.com/s/files/1/1498/3814/products/4567811661_969215960_2bcae4e3-c6d5-42cb-88c4-5a8fba957771.jpg?v=1509610553
0,กระเป๋าคาดอก ลำตัว สะพายคาดลำตัว ใส่ iPad Tablet ซิปแข็งแรงทนทาน เกรดส่งออกเกาหลี สีน้ำตาล,"กระเป๋าคาดอก อย่างดี สะพายคาดลำตัวหรือพาดอก ใส่ iPad ,Tablet ได้
ซิปแข็งแรงทนทาน มี 4 สี รุ่น Weekeight
-----------------------------------------------------------------

สินค้าพร้อมส่ง

* กระเป๋าคาดอก อย่างดี สะพายคาดลำตัวหรือพาดอก
* เหมาะใช้ไปเที่ยวต่างประเทศ ใส่ของสำคัญไว้ ไม่ต้องกลัวหาย
หรือโดนล้วงกระเป๋า
* หนัก 340 กรัม ตัวกระเป๋า ขนาด 25x10x16 ซม.

สามารถใช้คาดลำตัว ด้านหน้า หรือด้านหลัง พกพาสะดวก
มีช่องซิปด้านหน้า 1 ช่อง และมีช่องซิปใหญ่ 2 ช่อง
และภายในช่องซิปยังแบ่งเป็นช่องเล็กๆ เหมาะสำหรับเดินทางท่องเที่ยว
ขนาดกะทัดรัด ใช้ได้ทั้งชายและหญิง
ซิปอย่างดี และผ้ากระเป๋าอย่างหน้า เกรดส่งออกเกาหลี

สามารถใส่กระเป๋าสตางค์ โทรศัพท์มือถือ ร่มพับ ขวดน้ำดื่ม และ iPad
, Tablet ขนาด 7.9 นิ้ว เป็นต้น

มีตัวเลือกสี่สี ส้ม เทาอ่อน น้ำตาล และน้ำเงินเข้ม",499.00,5,0.33,15,bag0007brown,"","","","","","","","","","","","","","","","","","","","","","","","","","","","","","","","","","","","","","","","","","","","","","","","","","","","","","","","","","","","","",https://cdn.shopify.com/s/files/1/1498/3814/products/4569001487_969215960_0db85ce8-e702-4d7d-a4fe-a7d90e170679.jpg?v=1509610498,https://cdn.shopify.com/s/files/1/1498/3814/products/4572387005_969215960_27638a5d-2de6-4f57-9b63-57de4fa5f0b6.jpg?v=1509610498,https://cdn.shopify.com/s/files/1/1498/3814/products/4572372792_969215960_f554ac0c-96ca-466a-9f1f-5638d313dbaf.jpg?v=1509610498,https://cdn.shopify.com/s/files/1/1498/3814/products/chestbag_94bc8c5a-f185-4cc8-a45a-13d1c38424d1.jpg?v=1509610498,https://cdn.shopify.com/s/files/1/1498/3814/products/orange_chest_bag_leisure_bag_24f8c641-2340-406f-8785-f88cadca4d6b.jpg?v=1509610498,https://cdn.shopify.com/s/files/1/1498/3814/products/4567802741_969215960_114b1587-7db7-4e6e-bada-9b31b9b9ee7b.jpg?v=1509610498,https://cdn.shopify.com/s/files/1/1498/3814/products/4567811661_969215960_782276d4-53dd-4f74-b840-f3faa4268ea6.jpg?v=1509610498,https://cdn.shopify.com/s/files/1/1498/3814/products/4567814500_969215960_dd85901f-b9d8-4129-9be4-b1c31aa2ca5e.jpg?v=1509610498,https://cdn.shopify.com/s/files/1/1498/3814/products/4567814671_969215960_3127e94e-1d98-4822-88bf-a6764daae445.jpg?v=1509610498
0,กระเป๋าคาดอก ลำตัว สะพายคาดลำตัว ใส่ iPad Tablet ซิปแข็งแรงทนทาน เกรดส่งออกเกาหลี สีเทา,"กระเป๋าคาดอก อย่างดี สะพายคาดลำตัวหรือพาดอก ใส่ iPad ,Tablet ได้
ซิปแข็งแรงทนทาน มี 4 สี รุ่น Weekeight
-----------------------------------------------------------------

สินค้าพร้อมส่ง

* กระเป๋าคาดอก อย่างดี สะพายคาดลำตัวหรือพาดอก
* เหมาะใช้ไปเที่ยวต่างประเทศ ใส่ของสำคัญไว้ ไม่ต้องกลัวหาย
หรือโดนล้วงกระเป๋า
* หนัก 340 กรัม ตัวกระเป๋า ขนาด 25x10x16 ซม.

สามารถใช้คาดลำตัว ด้านหน้า หรือด้านหลัง พกพาสะดวก
มีช่องซิปด้านหน้า 1 ช่อง และมีช่องซิปใหญ่ 2 ช่อง
และภายในช่องซิปยังแบ่งเป็นช่องเล็กๆ เหมาะสำหรับเดินทางท่องเที่ยว
ขนาดกะทัดรัด ใช้ได้ทั้งชายและหญิง
ซิปอย่างดี และผ้ากระเป๋าอย่างหน้า เกรดส่งออกเกาหลี

สามารถใส่กระเป๋าสตางค์ โทรศัพท์มือถือ ร่มพับ ขวดน้ำดื่ม และ iPad
, Tablet ขนาด 7.9 นิ้ว เป็นต้น

มีตัวเลือกสี่สี ส้ม เทาอ่อน น้ำตาล และน้ำเงินเข้ม",499.00,5,0.33,15,bag0007lightgray,"","","","","","","","","","","","","","","","","","","","","","","","","","","","","","","","","","","","","","","","","","","","","","","","","","","","","","","","","","","","","",https://cdn.shopify.com/s/files/1/1498/3814/products/4572387005_969215960_f66f324a-be51-406b-b2ea-256c5d3a9c88.jpg?v=1509610377,https://cdn.shopify.com/s/files/1/1498/3814/products/4572372792_969215960_6809944a-82bc-4084-8ab1-6ce33b7c8419.jpg?v=1509610377,https://cdn.shopify.com/s/files/1/1498/3814/products/chestbag_c2ee262f-fc2e-4b5c-8256-fcbb9ad16c8d.jpg?v=1509610377,https://cdn.shopify.com/s/files/1/1498/3814/products/orange_chest_bag_leisure_bag_95e6c4d3-3998-4da6-8cc9-c1cdeea9a4ab.jpg?v=1509610377,https://cdn.shopify.com/s/files/1/1498/3814/products/4567802741_969215960_58e96ec8-a455-415d-852d-bc4a813f9f74.jpg?v=1509610377,https://cdn.shopify.com/s/files/1/1498/3814/products/4567811661_969215960_d0ce69a4-c1ff-4adc-9321-d3c7fa1596ee.jpg?v=1509610377,https://cdn.shopify.com/s/files/1/1498/3814/products/4567814500_969215960_59795843-08d8-48a4-b11f-b935afe9207b.jpg?v=1509610377,https://cdn.shopify.com/s/files/1/1498/3814/products/4567814671_969215960_4b2e025a-3d58-49cd-b40c-caa4fd8cf126.jpg?v=1509610377,https://cdn.shopify.com/s/files/1/1498/3814/products/4568998836_969215960_71539f6f-e029-4f5b-a4d9-28351a59b00e.jpg?v=1509610377
0,กระเป๋าคาดอก ลำตัว สะพายคาดลำตัว ใส่ iPad Tablet ซิปแข็งแรงทนทาน เกรดส่งออกเกาหลี สีส้ม,"กระเป๋าคาดอก อย่างดี สะพายคาดลำตัวหรือพาดอก ใส่ iPad ,Tablet ได้
ซิปแข็งแรงทนทาน มี 4 สี รุ่น Weekeight
-----------------------------------------------------------------

สินค้าพร้อมส่ง

* กระเป๋าคาดอก อย่างดี สะพายคาดลำตัวหรือพาดอก
* เหมาะใช้ไปเที่ยวต่างประเทศ ใส่ของสำคัญไว้ ไม่ต้องกลัวหาย
หรือโดนล้วงกระเป๋า
* หนัก 340 กรัม ตัวกระเป๋า ขนาด 25x10x16 ซม.

สามารถใช้คาดลำตัว ด้านหน้า หรือด้านหลัง พกพาสะดวก
มีช่องซิปด้านหน้า 1 ช่อง และมีช่องซิปใหญ่ 2 ช่อง
และภายในช่องซิปยังแบ่งเป็นช่องเล็กๆ เหมาะสำหรับเดินทางท่องเที่ยว
ขนาดกะทัดรัด ใช้ได้ทั้งชายและหญิง
ซิปอย่างดี และผ้ากระเป๋าอย่างหน้า เกรดส่งออกเกาหลี

สามารถใส่กระเป๋าสตางค์ โทรศัพท์มือถือ ร่มพับ ขวดน้ำดื่ม และ iPad
, Tablet ขนาด 7.9 นิ้ว เป็นต้น

มีตัวเลือกสี่สี ส้ม เทาอ่อน น้ำตาล และน้ำเงินเข้ม",499.00,2,0.33,15,bag0007orange,"","","","","","","","","","","","","","","","","","","","","","","","","","","","","","","","","","","","","","","","","","","","","","","","","","","","","","","","","","","","","",https://cdn.shopify.com/s/files/1/1498/3814/products/orange_chest_bag_leisure_bag.jpg?v=1509609819,https://cdn.shopify.com/s/files/1/1498/3814/products/4572372792_969215960.jpg?v=1509609839,https://cdn.shopify.com/s/files/1/1498/3814/products/chestbag.jpg?v=1509609856,https://cdn.shopify.com/s/files/1/1498/3814/products/4567802741_969215960.jpg?v=1509609858,https://cdn.shopify.com/s/files/1/1498/3814/products/4567811661_969215960.jpg?v=1509609859,https://cdn.shopify.com/s/files/1/1498/3814/products/4567814500_969215960.jpg?v=1509609861,https://cdn.shopify.com/s/files/1/1498/3814/products/4567814671_969215960.jpg?v=1509609862,https://cdn.shopify.com/s/files/1/1498/3814/products/4568998836_969215960.jpg?v=1509609864,https://cdn.shopify.com/s/files/1/1498/3814/products/4569001487_969215960.jpg?v=1509609867
0,ถ้วยใส่ผงโกโก้ ขวดโรยผงโกโก้ กระปุกพริกไทย เครื่องเทศ ทำจากสแตนเลส,"ถ้วยใส่ผงโกโก้ ขวดโรยผงโกโก้ กระปุก ทำจากสแตนเลส
------------------------------------------------

สินค้าพร้อมส่ง

* ขวดจากสแตนเลส ทรงกระบอก เส้นผ่านศูนย์กลาง 5 ซม. สูง 6.7 ซม.
* ฝาประกบบนล่าง ฝาด้านบน สามารถหมุนเลือกขนาดรูได้
* ฝาด้านบนสามารถหมุนเลือก รูเล็ก กลาง ใหญ่ได้
* ขนาดรู 2,4,6 มม. (เล็ก กลาง ใหญ่)
* ใช้ใส่โกโก้ พริกไทย หรือเครื่องเทศก็ได้ได้",85.00,24,0.055,15,kitchen0002,"","","","","","","","","","","","","","","","","","","","","","","","","","","","","","","","","","","","","","","","","","","","","","","","","","","","","","","","","","","","","",https://cdn.shopify.com/s/files/1/1498/3814/products/Rotating-Stainless-Steel-Kitchen-Bar-Spice-Jar-Pepper-Pot-BBQ-Seasoning-Can-Cruet-Condiment-Bottle_11.jpg?v=1509595975,https://cdn.shopify.com/s/files/1/1498/3814/products/Rotating-Stainless-Steel-Kitchen-Bar-Spice-Jar-Pepper-Pot-BBQ-Seasoning-Can-Cruet-Condiment-Bottle_12.jpg?v=1509595976,https://cdn.shopify.com/s/files/1/1498/3814/products/Rotating-Stainless-Steel-Kitchen-Bar-Spice-Jar-Pepper-Pot-BBQ-Seasoning-Can-Cruet-Condiment-Bottle_13.jpg?v=1509595976,"","","","","",""
0,พิมพ์ถ้วยจีบ อลูมิเนียม ดอกจอก ถ้วยใหญ่ 10 ชิ้น/ชุด อุปกรณ์อบ,"พิมพ์ถ้วยจีบ อลูมิเนียม ดอกจอก ถ้วยใหญ่ 10 ชิ้น/ชุด อุปกรณ์อบ
-------------------------------------------------------------

สินค้าพร้อมส่ง

* พิมพ์ถ้วยจีบ อลูมิเนียม ดอกจอก ถ้วยใหญ่ 10 ชิ้น/ชุด
* ก้นถ้วย 4.8 ซม. ปากกว้าง 6.9 ซม. สูง 2.2 ซม.
ทำจากอลูมิเนียม ไม่เป็นสนิม ทนความร้อนสำหรับเข้าเตาอบ
* ใช้อบคัพเค้ก ใช้ซ้ำได้จึงไม่สิ้นเปลือง",85.00,20,0.077,15,cakepan0029L,"","","","","","","","","","","","","","","","","","","","","","","","","","","","","","","","","","","","","","","","","","","","","","","","","","","","","","","","","","","","","",https://cdn.shopify.com/s/files/1/1498/3814/products/1915312286_385233952_75579422-9207-4471-aee2-6a022fe87033.jpg?v=1509594846,https://cdn.shopify.com/s/files/1/1498/3814/products/2378143943_385233952.jpg?v=1509594846,https://cdn.shopify.com/s/files/1/1498/3814/products/2380310106_385233952_844cad4d-788a-4a33-a9e1-b1cbafe71f28.jpg?v=1509594846,https://cdn.shopify.com/s/files/1/1498/3814/products/2381430916_385233952_fe1a8ece-5a5c-4569-888a-619b59e0bac5.jpg?v=1509594846,"","","","",""
0,พิมพ์ถ้วยจีบ อลูมิเนียม ดอกจอก ถ้วยกลาง 10 ชิ้น/ชุด อุปกรณ์อบ,"พิมพ์ถ้วยจีบ อลูมิเนียม ดอกจอก ถ้วยกลาง 10 ชิ้น/ชุด อุปกรณ์อบ
-------------------------------------------------------------

สินค้าพร้อมส่ง

* พิมพ์ถ้วยจีบ อลูมิเนียม ดอกจอก ถ้วยกลาง 10 ชิ้น/ชุด
* ก้นถ้วย 4.5 ซม. ปากกว้าง 6.5 ซม. สูง 1.2 ซม.
ทำจากอลูมิเนียม ไม่เป็นสนิม ทนความร้อนสำหรับเข้าเตาอบ
* ใช้อบคัพเค้ก ใช้ซ้ำได้จึงไม่สิ้นเปลือง",80.00,20,0.07,15,cakepan0029M,"","","","","","","","","","","","","","","","","","","","","","","","","","","","","","","","","","","","","","","","","","","","","","","","","","","","","","","","","","","","","",https://cdn.shopify.com/s/files/1/1498/3814/products/1915312286_385233952_f7a10cf8-6d84-4b73-adf3-6433515d9d25.jpg?v=1509594072,https://cdn.shopify.com/s/files/1/1498/3814/products/2378149752_385233952.jpg?v=1509594072,https://cdn.shopify.com/s/files/1/1498/3814/products/2380310106_385233952_54b0414d-c8a8-47ec-9610-980235b31711.jpg?v=1509594072,https://cdn.shopify.com/s/files/1/1498/3814/products/2381430916_385233952_abfb060b-186d-4630-b4b7-e02369aea42e.jpg?v=1509594072,"","","","",""
0,พิมพ์ถ้วยจีบ อลูมิเนียม ดอกจอก ถ้วยเล็ก 10 ชิ้น/ชุด อุปกรณ์อบ,"พิมพ์ถ้วยจีบ อลูมิเนียม ดอกจอก ถ้วยเล็ก 10 ชิ้น/ชุด อุปกรณ์อบ
-------------------------------------------------------------

สินค้าพร้อมส่ง

* พิมพ์ถ้วยจีบ อลูมิเนียม ดอกจอก ถ้วยเล็ก 10 ชิ้น/ชุด
* ก้นถ้วย 3.5 ซม. ปากกว้าง 5.5 ซม. สูง 1.2 ซม.
* ทำจากอลูมิเนียม ไม่เป็นสนิม ทนความร้อนสำหรับเข้าเตาอบ
* ใช้อบคัพเค้ก ใช้ซ้ำได้จึงไม่สิ้นเปลือง",75.00,20,0.05,15,cakepan0029S,"","","","","","","","","","","","","","","","","","","","","","","","","","","","","","","","","","","","","","","","","","","","","","","","","","","","","","","","","","","","","",https://cdn.shopify.com/s/files/1/1498/3814/products/1915312286_385233952.jpg?v=1509593933,https://cdn.shopify.com/s/files/1/1498/3814/products/2378161115_385233952.jpg?v=1509593933,https://cdn.shopify.com/s/files/1/1498/3814/products/2380310106_385233952.jpg?v=1509593933,https://cdn.shopify.com/s/files/1/1498/3814/products/2381430916_385233952.jpg?v=1509593933,"","","","",""
0,ตะกร้อตีไข่ ตะกร้อมือ ที่ตีไข่ สแตนเลส ความยาว 10 นิ้ว/25 ซม. 1 ชิ้น,"ตะกร้อตีไข่ ตะกร้อมือ สแตนเลส ความยาว 10 นิ้ว/25 ซม. 1 ชิ้น
-----------------------------------------------------------

ใช้สำหรับตีไข่ ตัวลวดตีไข่และด้ามจับ ทำจากสแตนเลส ทำความสะอาดง่าย
คงทน ไม่เป็นสนิม

สินค้าพร้อมส่ง

* ตะกร้อตีไข่ สแตนเลส ด้ามจับทำจากสแตนเลส คงทน ไม่เป็นสนิม
* อุปกรณ์พื้นฐานของทุกห้องครัว
* ขนาดทั้งชิ้น ยาว 10 นิ้ว 25 ซม. ขนาดด้ามจับ 13 ซม. ตะกร้อมี 7
เส้น
* ทำจากสแตนเลสทนความร้อน",120.00,20,0.04,15,tool0017,"","","","","","","","","","","","","","","","","","","","","","","","","","","","","","","","","","","","","","","","","","","","","","","","","","","","","","","","","","","","","",https://cdn.shopify.com/s/files/1/1498/3814/products/8-10-12-Inches-Stainless-Steel-Egg-Beater-Hand-Whisk-Mixer-Kitchen-Tools_39.jpg?v=1509554118,https://cdn.shopify.com/s/files/1/1498/3814/products/10-Inches-Stainless-Steel-Egg-Beater-Hand-Blender-Spiral-Wire-Whisk-Mixer-For-Baking-Cooking-Tools_30.jpg?v=1509554118,https://cdn.shopify.com/s/files/1/1498/3814/products/8-10-12-Inches-Stainless-Steel-Egg-Beater-Hand-Whisk-Mixer-Kitchen-Tools_36.jpg?v=1509554118,https://cdn.shopify.com/s/files/1/1498/3814/products/10-Inches-Stainless-Steel-Egg-Beater-Hand-Blender-Spiral-Wire-Whisk-Mixer-For-Baking-Cooking-Tools_31.jpg?v=1509554118,https://cdn.shopify.com/s/files/1/1498/3814/products/10-Inches-Stainless-Steel-Egg-Beater-Hand-Blender-Spiral-Wire-Whisk-Mixer-For-Baking-Cooking-Tools_32.jpg?v=1509554118,https://cdn.shopify.com/s/files/1/1498/3814/products/10-Inches-Stainless-Steel-Egg-Beater-Hand-Blender-Spiral-Wire-Whisk-Mixer-For-Baking-Cooking-Tools_33.jpg?v=1509554118,https://cdn.shopify.com/s/files/1/1498/3814/products/10-Inches-Stainless-Steel-Egg-Beater-Hand-Blender-Spiral-Wire-Whisk-Mixer-For-Baking-Cooking-Tools_34.jpg?v=1509554118,"",""
0,หวีแต่งเค้ก อลูมิเนียม ลายหยัก 10 แบบ 3 ชิ้น/ชุด รูปห้าเหลี่ยม สี่เหลี่ยม สามเหลี่ยม,"หวีแต่งเค้ก อลูมิเนียม ลายหยัก 10 แบบ 3 ชิ้น/ชุด รูปห้าเหลี่ยม
สี่เหลี่ยม สามเหลี่ยม
-----------------------------------------------------------------

สินค้าพร้อมส่ง

* หวีแต่งเค้ก ทำจากอลูมิเนียม อัลลอย แข็งแรงทนทาน ปลอดภัยกับอาหาร
* หวีมี 3 ชิ้น สามรูปทรง ทำลายหยัก ได้ 10 แบบที่แตกต่างกัน
* หวีห้าเหลี่ยม 9.5x12.1 ซม. สี่เหลี่ยม 9.5x12.1 ซม. สามเหลี่ยม
10.2x10.2x10.2 ซม
* สีเป็น สีสุ่มระหว่าง สีเงินอลูมิเนียมกับ สีน้ำเงิน
* เหมาะใช้กับการตกแต่งขอบเค้ก ให้เป็นขอบยักที่สวยงาม",140.00,20,0.07,15,tool0016,"","","","","","","","","","","","","","","","","","","","","","","","","","","","","","","","","","","","","","","","","","","","","","","","","","","","","","","","","","","","","",https://cdn.shopify.com/s/files/1/1498/3814/products/3112326927_926467476.jpg?v=1509549875,https://cdn.shopify.com/s/files/1/1498/3814/products/3112359639_926467476.jpg?v=1509549875,https://cdn.shopify.com/s/files/1/1498/3814/products/3109999860_926467476.jpg?v=1509549875,https://cdn.shopify.com/s/files/1/1498/3814/products/3110005523_926467476.jpg?v=1509549875,https://cdn.shopify.com/s/files/1/1498/3814/products/3109981788_926467476.jpg?v=1509549875,https://cdn.shopify.com/s/files/1/1498/3814/products/3112341271_926467476.jpg?v=1509549875,https://cdn.shopify.com/s/files/1/1498/3814/products/3Pcs-Aluminium-Cake-Smoother-Birthday-Cake-Leveler-Icing-Edge-Spatulas-Cutters-Butter-Scraper-Decorating-Comb-Baking_20.jpg?v=1509550316,"",""
0,พิมพ์กดคุกกี้ ฟองดอง พลาสติก ลายหัวใจ สีเหลี่ยม ดาว ดอกพลัม พร้อมข้อความยินดี 4 แบบ/ชุด,"พิมพ์กดคุกกี้ ฟองดอง พลาสติก ลายหัวใจ สีเหลี่ยม ดาว ดอกพลัม
พร้อมข้อความยินดี 4แบบ/ชุด
-----------------------------------------------------------------

สินค้าพร้อมส่ง

* ชุดพิมพ์กดคุกกี้ ฟองดอง พลาสติก 4ชิ้น/ชุด
* ลายข้อความ LOVE, thank you, Congrats, Best Wishes
* ขนาดต่อชิ้น 5.5x5 ซม.
* สุ่มสีพลาสติก

ชุดพิมพ์กดคุกกี้ ฟองดองพลาสติก มี4แบบ ลายหัวใจ สีเหลี่ยม ดาว
ดอกพลัม
ทำจากพลาสติกที่มีความแข็งแรง เหมาะแก่การใช้ทำฟองดองหรือคุกกี้
ที่มีความสวยงาม
เป็นสปริงแบบปั๊ม สามารถหมุนเพื่อปรับขนาดความหนา บาง ของขนมได้
ลายข้อความ LOVE, thank you, Congrats, Best Wishes
ขนาดต่อชิ้น 5.5x5 ซม.",120.00,20,0.05,15,fondant0034,"","","","","","","","","","","","","","","","","","","","","","","","","","","","","","","","","","","","","","","","","","","","","","","","","","","","","","","","","","","","","",https://cdn.shopify.com/s/files/1/1498/3814/products/4pcs-set-Plastic-Mold-For-Fondant-Cake-Pentagram-Geometry-Love-heart-Shaped-Cookie-Mold-Cutter-Mould_7.jpg?v=1509522629,https://cdn.shopify.com/s/files/1/1498/3814/products/4pcs-set-Plastic-Mold-For-Fondant-Cake-Pentagram-Geometry-Love-heart-Shaped-Cookie-Mold-Cutter-Mould_8.jpg?v=1509522630,https://cdn.shopify.com/s/files/1/1498/3814/products/4pcs-set-Plastic-Mold-For-Fondant-Cake-Pentagram-Geometry-Love-heart-Shaped-Cookie-Mold-Cutter-Mould_9.jpg?v=1509522631,https://cdn.shopify.com/s/files/1/1498/3814/products/4pcs-set-Plastic-Mold-For-Fondant-Cake-Pentagram-Geometry-Love-heart-Shaped-Cookie-Mold-Cutter-Mould_10.jpg?v=1509522632,"","","","",""
0,แท่นวางถุงบีบครีม ที่วางถุงบีบครีม ก้านร่ม พลาสติก พับเก็บได้ วางได้หลายถุง 1 ชิ้น,"แท่นวางถุงบีบครีม ที่วางถุงบีบครีม ก้านร่ม พลาสติก พับเก็บได้
วางได้หลายถุง 1 ชิ้น
-----------------------------------------------------------------

สินค้าพร้อมส่ง

* แท่นวางถุงบีบครีม และก้านร่ม
* ขนาด 12x18.2x29.3 ซม.
* ทำจากพลาสติกอย่างดี ทนทาน
* ขาตั้งพับเก็บได้

แท่นวางถุงบีบครีมและก้านร่ม ทำจากพลาสติกหนา แข็งแรงอย่างดี
สามารถพับเก็บขาตั้งได้
สามารถวางได้หลายหลุม วางได้ทั้งก้านร่มและถุงบีบครีม
ขนาดแท่นวาง สูง 12 ซม. กว้าง 18.2 ซม. ยาว 29.3 ซม.
ความกว้างของหลุม หลุมใหญ่ 2 ซม. จำนวน 1 ชิ้น",199.00,20,0.335,15,pipingtool0006,"","","","","","","","","","","","","","","","","","","","","","","","","","","","","","","","","","","","","","","","","","","","","","","","","","","","","","","","","","","","","",https://cdn.shopify.com/s/files/1/1498/3814/products/1-Pc-Foldable-Plastic-Cake-Stand-Baking-Pastry-Bag-Holder-Cake-Cupcake-Icing-Piping-Cream-Bags_1.jpg?v=1509521605,https://cdn.shopify.com/s/files/1/1498/3814/products/1-Pc-Foldable-Plastic-Cake-Stand-Baking-Pastry-Bag-Holder-Cake-Cupcake-Icing-Piping-Cream-Bags_2.jpg?v=1509521605,https://cdn.shopify.com/s/files/1/1498/3814/products/1-Pc-Foldable-Plastic-Cake-Stand-Baking-Pastry-Bag-Holder-Cake-Cupcake-Icing-Piping-Cream-Bags_3.jpg?v=1509521606,https://cdn.shopify.com/s/files/1/1498/3814/products/1-Pc-Foldable-Plastic-Cake-Stand-Baking-Pastry-Bag-Holder-Cake-Cupcake-Icing-Piping-Cream-Bags_4.jpg?v=1509521607,https://cdn.shopify.com/s/files/1/1498/3814/products/1-Pc-Foldable-Plastic-Cake-Stand-Baking-Pastry-Bag-Holder-Cake-Cupcake-Icing-Piping-Cream-Bags_5.jpg?v=1509521608,https://cdn.shopify.com/s/files/1/1498/3814/products/1-Pc-Foldable-Plastic-Cake-Stand-Baking-Pastry-Bag-Holder-Cake-Cupcake-Icing-Piping-Cream-Bags_6.jpg?v=1509521609,"","",""
0,มีดเลาะตาสัปปะรด มีดปอกตาสัปปะรด มีดปอกสับปะรด ที่ปอกสัปประรส มีดสแตนเลสด้ามไม้ 1 ชิ้น,"มีดเลาะตาสัปปะรด มีดปอกตาสัปปะรด มีดปอกสับปะรด ที่ปอกสัปประรส
-------------------------------------------------------------

สินค้าพร้อมส่ง ค่าส่ง 39 บาท ซื้อ 2 อันขึ้นไป ส่งฟรี

การปอกสัปประรดจะเป็นเรื่องงายๆ ด้วยมีดเลาะตาสัปปะรด

* มีดสแตนเลส ด้ามไม้ยาว17 ซม.
* ช่วยให้การปอกตาสัปประรสเป็นเรื่องง่ายๆ
* ดูคลิปวิธีใช้ประกอบได้ ข้างล่าง",90.00,100,0.02,15,tool9000,"","","","","","","","","","","","","","","","","","","","","","","","","","","","","","","","","","","","","","","","","","","","","","","","","","","","","","","","","","","","","",https://cdn.shopify.com/s/files/1/1498/3814/products/pineapple_peeler_wood_handle_triangle_pineapple_knife9.jpg?v=1508772015,https://cdn.shopify.com/s/files/1/1498/3814/products/pineapple_peeler_wood_handle_triangle_pineapple_knife6.jpg?v=1508772018,https://cdn.shopify.com/s/files/1/1498/3814/products/pineapple_peeler_wood_handle_triangle_pineapple_knife_1.jpg?v=1508772019,https://cdn.shopify.com/s/files/1/1498/3814/products/pineapple_peeler_wood_handle_triangle_pineapple_knife2.jpg?v=1508772021,https://cdn.shopify.com/s/files/1/1498/3814/products/pineapple_peeler_wood_handle_triangle_pineapple_knife3.jpg?v=1508772022,https://cdn.shopify.com/s/files/1/1498/3814/products/pineapple_peeler_wood_handle_triangle_pineapple_knife4.jpg?v=1508772022,https://cdn.shopify.com/s/files/1/1498/3814/products/pineapple_peeler_wood_handle_triangle_pineapple_knife5.jpg?v=1508772023,"",""
0,แม่พิมพ์ซิลิโคน หัวกะโหลก ขนาดเล็ก หน้าตรง 3 หัว ฮาโลวีน,"แม่พิมพ์ซิลิโคน หัวกะโหลก ขนาดเล็ก หน้าตรง 3 หัว ฮาโลวีน
--------------------------------------------------------

สินค้าพร้อมส่ง

* ขนาดแม่พิมพ์: เส้นผ่านศูนย์กลาง 5.5 ซม. หนา 1.6 ซม.
* น้ำหนัก: 40 กรัม
* เหมาะใช้เป็นพิมพ์ช็อกโกแลต แต่งหน้าเค้ก ขนมเบเกอรี่ ทำฟองดอง
fondant สบู่ เรซิ่น
* สามารถนำมาใช้ได้อย่างปลอดภัยทั้งในเตาอบ ไมโครเวฟ
เครื่องล้างจานหรือตู้เย็น ในช่วงอุณหภูมิ –40 องศาเซลเซียส ถึง 230
องศาเซลเซียส (-40°F - 446°F) และไม่ควรเกิน 260 องศาเซลเซียส
(525°F) เพราะแม่พิมพ์ซิลิโคนอาจละลาย และได้รับความเสียหายได้",95.00,24,0.04,15,silicone9024,"","","","","","","","","","","","","","","","","","","","","","","","","","","","","","","","","","","","","","","","","","","","","","","","","","","","","","","","","","","","","",https://cdn.shopify.com/s/files/1/1498/3814/products/mini-skull-mold.jpg?v=1508751706,"","","","","","","",""
0,แม่พิมพ์ซิลิโคน แม่มด ฟักทอง หม้อต้ม ไม้กวาด กบผี ลูกแก้ว รองเท้า ตำราเวทย์มนต์ ธีมฮาโลวีน,"แม่พิมพ์ซิลิโคน แม่มด ฟักทอง หม้อต้ม ไม้กวาด กบผี ลูกแก้ว รองเท้า
ตำราเวทย์มนต์ ธีมฮาโลวีน
-----------------------------------------------------------------

สินค้าพร้อมส่ง

* ขนาดแม่พิมพ์: ยาว 8.5 x 6.8 ซม. หนา 1 ซม.
* น้ำหนัก: 50 กรัม
* เหมาะใช้ทำช๊อกโกแลต แต่งหน้าเค้ก ขนมเบเกอรี่ หรือทำฟองดอง
fondant
* สามารถนำมาใช้ได้อย่างปลอดภัยทั้งในเตาอบ ไมโครเวฟ
เครื่องล้างจานหรือตู้เย็น ในช่วงอุณหภูมิ –40 องศาเซลเซียส ถึง 230
องศาเซลเซียส (-40°F - 446°F) และไม่ควรเกิน 260 องศาเซลเซียส
(525°F) เพราะแม่พิมพ์ซิลิโคนอาจละลาย และได้รับความเสียหายได้

สำหรับตัวขนมที่ได้จากแม่พิมพ์ซิลิโคนประเภทนี้นั้น
จะมีความมันวาวเป็นพิเศษ ช่วยเพิ่มความน่ารับประทาน
เพราะด้วยคุณสมบัติของตัวซิลิโคนเองซึ่งมีสารกันติดบริเวณผิว
บวกกับความยืดหยุ่นเป็นพิเศษ ทำให้ขนมที่ได้แกะออกมาแสนง่าย
ไม่แตกหักง่าย",120.00,17,0.05,15,silicone9023,"","","","","","","","","","","","","","","","","","","","","","","","","","","","","","","","","","","","","","","","","","","","","","","","","","","","","","","","","","","","","",https://cdn.shopify.com/s/files/1/1498/3814/products/witch-pumpkin-silicone-mold1.jpg?v=1508751197,https://cdn.shopify.com/s/files/1/1498/3814/products/witch-pumpkin-silicone-mold2.jpg?v=1508751198,https://cdn.shopify.com/s/files/1/1498/3814/products/witch-pumpkin-silicone-mold3.jpg?v=1508751199,"","","","","",""
0,แม่พิมพ์ซิลิโคน สบู่ หัวกะโหลก แมงมุม สมอง ผี สยองขวัญ ฮาโลวีน,"แม่พิมพ์ซิลิโคน สบู่ หัวกะโหลก แมงมุม สมอง ผี สยองขวัญ ฮาโลวีน
--------------------------------------------------------------

สินค้าพร้อมส่ง

* ขนาดแม่พิมพ์: ยาว 11.1 x 5 ซม. หนา 1.1 ซม.
* น้ำหนัก: 45 กรัม
* เหมาะใช้ทำช๊อกโกแลต แต่งหน้าเค้ก ขนมเบเกอรี่ หรือทำฟองดอง
fondant
* สามารถนำมาใช้ได้อย่างปลอดภัยทั้งในเตาอบ ไมโครเวฟ
เครื่องล้างจานหรือตู้เย็น ในช่วงอุณหภูมิ –40 องศาเซลเซียส ถึง 230
องศาเซลเซียส (-40°F - 446°F) และไม่ควรเกิน 260 องศาเซลเซียส
(525°F) เพราะแม่พิมพ์ซิลิโคนอาจละลาย และได้รับความเสียหายได้

สำหรับตัวขนมที่ได้จากแม่พิมพ์ซิลิโคนประเภทนี้นั้น
จะมีความมันวาวเป็นพิเศษ ช่วยเพิ่มความน่ารับประทาน
เพราะด้วยคุณสมบัติของตัวซิลิโคนเองซึ่งมีสารกันติดบริเวณผิว
บวกกับความยืดหยุ่นเป็นพิเศษ ทำให้ขนมที่ได้แกะออกมาแสนง่าย
ไม่แตกหักง่าย",150.00,6,0.045,15,silicone9022,"","","","","","","","","","","","","","","","","","","","","","","","","","","","","","","","","","","","","","","","","","","","","","","","","","","","","","","","","","","","","",https://cdn.shopify.com/s/files/1/1498/3814/products/4-halloween-oval-silicone-mold1.jpg?v=1508750637,https://cdn.shopify.com/s/files/1/1498/3814/products/4-halloween-oval-silicone-mold2.jpg?v=1508750639,https://cdn.shopify.com/s/files/1/1498/3814/products/4-halloween-oval-silicone-mold3.jpg?v=1508750641,https://cdn.shopify.com/s/files/1/1498/3814/products/4-halloween-oval-silicone-mold4.jpg?v=1508750642,"","","","",""
0,แม่พิมพ์ซิลิโคน หัวกะโหลก กระดูก ขนาดเล็ก หน้าตรง 3 หัว ฮาโลวีน,"แม่พิมพ์ซิลิโคน หัวกะโหลก กระดูก ขนาดเล็ก หน้าตรง 3 หัว ฮาโลวีน
---------------------------------------------------------------

สินค้าพร้อมส่ง

* ขนาดแม่พิมพ์: เส้นผ่านศูนย์กลาง 6.9 ซม. หนา 1.2 ซม.
* น้ำหนัก: 45 กรัม
* เหมาะใช้เป็นพิมพ์ช็อกโกแลต แต่งหน้าเค้ก ขนมเบเกอรี่ ทำฟองดอง
fondant สบู่ เรซิ่น
* สามารถนำมาใช้ได้อย่างปลอดภัยทั้งในเตาอบ ไมโครเวฟ
เครื่องล้างจานหรือตู้เย็น ในช่วงอุณหภูมิ –40 องศาเซลเซียส ถึง 230
องศาเซลเซียส (-40°F - 446°F) และไม่ควรเกิน 260 องศาเซลเซียส
(525°F) เพราะแม่พิมพ์ซิลิโคนอาจละลาย และได้รับความเสียหายได้",95.00,6,0.045,15,silicone9020,"","","","","","","","","","","","","","","","","","","","","","","","","","","","","","","","","","","","","","","","","","","","","","","","","","","","","","","","","","","","","",https://cdn.shopify.com/s/files/1/1498/3814/products/skull-bone-silicone-mold1.jpg?v=1508749634,https://cdn.shopify.com/s/files/1/1498/3814/products/skull-bone-silicone-mold2.jpg?v=1508749635,https://cdn.shopify.com/s/files/1/1498/3814/products/skull-bone-silicone-mold3.jpg?v=1508749637,https://cdn.shopify.com/s/files/1/1498/3814/products/skull-bone-silicone-mold4.jpg?v=1508749638,"","","","",""
0,แม่พิมพ์ซิลิโคน หัวกะโหลก ขนาดเล็ก หันข้าง 3 หัว ฮาโลวีน,"แม่พิมพ์ซิลิโคน หัวกะโหลก ขนาดเล็ก หันข้าง 3 หัว ฮาโลวีน
--------------------------------------------------------

สินค้าพร้อมส่ง

* ขนาดแม่พิมพ์: เส้นผ่านศูนย์กลาง 6 ซม. หนา 0.9 ซม. หัวกะโหลก
2.4x2.0 ซม.
* น้ำหนัก: 30 กรัม
* เหมาะใช้เป็นพิมพ์ช็อกโกแลต แต่งหน้าเค้ก ขนมเบเกอรี่ ทำฟองดอง
fondant สบู่ เรซิ่น
* สามารถนำมาใช้ได้อย่างปลอดภัยทั้งในเตาอบ ไมโครเวฟ
เครื่องล้างจานหรือตู้เย็น ในช่วงอุณหภูมิ –40 องศาเซลเซียส ถึง 230
องศาเซลเซียส (-40°F - 446°F) และไม่ควรเกิน 260 องศาเซลเซียส
(525°F) เพราะแม่พิมพ์ซิลิโคนอาจละลาย และได้รับความเสียหายได้",65.00,6,0.03,15,silicone9019,"","","","","","","","","","","","","","","","","","","","","","","","","","","","","","","","","","","","","","","","","","","","","","","","","","","","","","","","","","","","","",https://cdn.shopify.com/s/files/1/1498/3814/products/mini-skull-3d-mold.jpg?v=1508747535,"","","","","","","",""
0,แม่พิมพ์ซิลิโคน ฟักทอง พร้อมหน้าตา ฮาโลวีน สำหรับทำฟองดอง งานปั้น ประดิษฐ์,"แม่พิมพ์ซิลิโคน ฟักทอง พร้อมหน้าตา ฮาโลวีน สำหรับทำฟองดอง งานปั้น
ประดิษฐ์
-----------------------------------------------------------------

สินค้าพร้อมส่ง

* ขนาดแม่พิมพ์: เส้นผ่านศูนย์กลาง 9 ซม. ขนาดฟักทอง 4 ซม.
* น้ำหนัก: 51 กรัม
* เหมาะใช้เป็นพิมพ์ช็อกโกแลต แต่งหน้าเค้ก ขนมเบเกอรี่ ทำฟองดอง
fondant สบู่ เรซิ่น
* สามารถนำมาใช้ได้อย่างปลอดภัยทั้งในเตาอบ ไมโครเวฟ
เครื่องล้างจานหรือตู้เย็น ในช่วงอุณหภูมิ –40 องศาเซลเซียส ถึง 230
องศาเซลเซียส (-40°F - 446°F) และไม่ควรเกิน 260 องศาเซลเซียส
(525°F) เพราะแม่พิมพ์ซิลิโคนอาจละลาย และได้รับความเสียหายได้",130.00,6,0.051,15,silicone9018,"","","","","","","","","","","","","","","","","","","","","","","","","","","","","","","","","","","","","","","","","","","","","","","","","","","","","","","","","","","","","",https://cdn.shopify.com/s/files/1/1498/3814/products/Halloween-Pumpkin-Shaped-fondant-Silicone-Molds-for-Cake-Decoration-Lace-Mold-Kitchen-Baking-tools-FT-0833_50.jpg?v=1508746542,https://cdn.shopify.com/s/files/1/1498/3814/products/Halloween-Pumpkin-Shaped-fondant-Silicone-Molds-for-Cake-Decoration-Lace-Mold-Kitchen-Baking-tools-FT-0833_51.jpg?v=1508746546,https://cdn.shopify.com/s/files/1/1498/3814/products/Halloween-Pumpkin-Shaped-fondant-Silicone-Molds-for-Cake-Decoration-Lace-Mold-Kitchen-Baking-tools-FT-0833_52.jpg?v=1508746548,"","","","","",""
0,แม่พิมพ์ซิลิโคน แมงมุม กุญแจผี มือปีศาจ ค้างคาวผี หน้ากากสกรีม Scream ฮาโลวีน,"แม่พิมพ์ซิลิโคน แมงมุม กุญแจผี มือปีศาจ ค้างคาวผี หน้ากากสกรีม
Scream ฮาโลวีน
-----------------------------------------------------------------

สินค้าพร้อมส่ง

* ขนาดแม่พิมพ์: 13.2 x 6 ซม. หนา 1.3 ซม.
* น้ำหนัก: 95 กรัม
* เหมาะใช้เป็นพิมพ์ช็อกโกแลต แต่งหน้าเค้ก ขนมเบเกอรี่ ทำฟองดอง
fondant สบู่ เรซิ่น
* สามารถนำมาใช้ได้อย่างปลอดภัยทั้งในเตาอบ ไมโครเวฟ
เครื่องล้างจานหรือตู้เย็น ในช่วงอุณหภูมิ –40 องศาเซลเซียส ถึง 230
องศาเซลเซียส (-40°F - 446°F) และไม่ควรเกิน 260 องศาเซลเซียส
(525°F) เพราะแม่พิมพ์ซิลิโคนอาจละลาย และได้รับความเสียหายได้",225.00,6,0.095,15,silicone9017,"","","","","","","","","","","","","","","","","","","","","","","","","","","","","","","","","","","","","","","","","","","","","","","","","","","","","","","","","","","","","",https://cdn.shopify.com/s/files/1/1498/3814/products/2017-Real-Eco-friendly-The-New-Spider-Skull-Halloween-Witch-Hat-Ghost-Collection-Chocolate-Mold-Environmentally_46.jpg?v=1508745591,https://cdn.shopify.com/s/files/1/1498/3814/products/2017-Real-Eco-friendly-The-New-Spider-Skull-Halloween-Witch-Hat-Ghost-Collection-Chocolate-Mold-Environmentally_47.jpg?v=1508745592,https://cdn.shopify.com/s/files/1/1498/3814/products/2017-Real-Eco-friendly-The-New-Spider-Skull-Halloween-Witch-Hat-Ghost-Collection-Chocolate-Mold-Environmentally_48.jpg?v=1508745593,https://cdn.shopify.com/s/files/1/1498/3814/products/2017-Real-Eco-friendly-The-New-Spider-Skull-Halloween-Witch-Hat-Ghost-Collection-Chocolate-Mold-Environmentally_49.jpg?v=1508745593,"","","","",""
0,แม่พิมพ์ซิลิโคน ผีน้อย ค้างคาวผี หลายตัว ในคืน ฮาโลวีน,"แม่พิมพ์ซิลิโคน ผีน้อย ค้างคาวผี หลายตัว ในคืน ฮาโลวีน
------------------------------------------------------

สินค้าพร้อมส่ง

* ขนาดแม่พิมพ์: 10.3 x 10.3 ซม.
* น้ำหนัก: 70 กรัม
* เหมาะใช้เป็นพิมพ์ช็อกโกแลต แต่งหน้าเค้ก ขนมเบเกอรี่ ทำฟองดอง
fondant สบู่ เรซิ่น
* สามารถนำมาใช้ได้อย่างปลอดภัยทั้งในเตาอบ ไมโครเวฟ
เครื่องล้างจานหรือตู้เย็น ในช่วงอุณหภูมิ –40 องศาเซลเซียส ถึง 230
องศาเซลเซียส (-40°F - 446°F) และไม่ควรเกิน 260 องศาเซลเซียส
(525°F) เพราะแม่พิมพ์ซิลิโคนอาจละลาย และได้รับความเสียหายได้",160.00,5,0.07,15,silicone9016,"","","","","","","","","","","","","","","","","","","","","","","","","","","","","","","","","","","","","","","","","","","","","","","","","","","","","","","","","","","","","",https://cdn.shopify.com/s/files/1/1498/3814/products/Halloween-Cartoons-with-Moons-Stars-Pumpkins-Ghosts-Bats-Silicone-Fondant-Cake-Molds-Chocolate-Mould-for-Kitchen_44.jpg?v=1508744787,https://cdn.shopify.com/s/files/1/1498/3814/products/Halloween-Cartoons-with-Moons-Stars-Pumpkins-Ghosts-Bats-Silicone-Fondant-Cake-Molds-Chocolate-Mould-for-Kitchen_43.jpg?v=1508744787,https://cdn.shopify.com/s/files/1/1498/3814/products/Halloween-Cartoons-with-Moons-Stars-Pumpkins-Ghosts-Bats-Silicone-Fondant-Cake-Molds-Chocolate-Mould-for-Kitchen_45.jpg?v=1508744787,"","","","","",""
0,แม่พิมพ์ซิลิโคน ฟักทองผี ไม้กวาด หุ่นไลกา ฮาโลวีน 7 แบบ,"แม่พิมพ์ซิลิโคน ฟักทองผี ไม้กวาด หุ่นไลกา ฮาโลวีน 7 แบบ
-------------------------------------------------------

สินค้าพร้อมส่ง

* ขนาดแม่พิมพ์: เส้นผ่านศูนย์กลาง 8.7 ซม. หนา 1 ซม.
* น้ำหนัก: 52 กรัม
* เหมาะใช้เป็นพิมพ์ช็อกโกแลต แต่งหน้าเค้ก ขนมเบเกอรี่ ทำฟองดอง
fondant สบู่ เรซิ่น
* สามารถนำมาใช้ได้อย่างปลอดภัยทั้งในเตาอบ ไมโครเวฟ
เครื่องล้างจานหรือตู้เย็น ในช่วงอุณหภูมิ –40 องศาเซลเซียส ถึง 230
องศาเซลเซียส (-40°F - 446°F) และไม่ควรเกิน 260 องศาเซลเซียส
(525°F) เพราะแม่พิมพ์ซิลิโคนอาจละลาย และได้รับความเสียหายได้",140.00,6,0.052,15,silicone9015,"","","","","","","","","","","","","","","","","","","","","","","","","","","","","","","","","","","","","","","","","","","","","","","","","","","","","","","","","","","","","",https://cdn.shopify.com/s/files/1/1498/3814/products/Halloween-pumpkin-hat-broom-Shaped-food-safe-fondant-silicone-moulds-confectionery-accessories-for-cake-decoration-tools_41.jpg?v=1508744108,https://cdn.shopify.com/s/files/1/1498/3814/products/Halloween-pumpkin-hat-broom-Shaped-food-safe-fondant-silicone-moulds-confectionery-accessories-for-cake-decoration-tools_37.jpg?v=1508744108,https://cdn.shopify.com/s/files/1/1498/3814/products/Halloween-pumpkin-hat-broom-Shaped-food-safe-fondant-silicone-moulds-confectionery-accessories-for-cake-decoration-tools_38.jpg?v=1508744108,https://cdn.shopify.com/s/files/1/1498/3814/products/Halloween-pumpkin-hat-broom-Shaped-food-safe-fondant-silicone-moulds-confectionery-accessories-for-cake-decoration-tools_39.jpg?v=1508744108,https://cdn.shopify.com/s/files/1/1498/3814/products/Halloween-pumpkin-hat-broom-Shaped-food-safe-fondant-silicone-moulds-confectionery-accessories-for-cake-decoration-tools_40.jpg?v=1508744108,https://cdn.shopify.com/s/files/1/1498/3814/products/Halloween-pumpkin-hat-broom-Shaped-food-safe-fondant-silicone-moulds-confectionery-accessories-for-cake-decoration-tools_42.jpg?v=1508744108,"","",""
0,แม่พิมพ์ซิลิโคน กางเขนหัวกะโหลก หัวกะโหลก หัวปีศาจ สไตล์โกธิค ฮาโลวีน,"แม่พิมพ์ซิลิโคน ผีฟักทอง ใส่หมวกแลบลิ้น การ์ตูน ฮาโลวีน
-------------------------------------------------------

สินค้าพร้อมส่ง

* ขนาดแม่พิมพ์: เส้นผ่านศูนย์กลาง 9.5 ซม. ขนาดกางเขน 5.4x7.4 ซม.
* น้ำหนัก: 125 กรัม
* เหมาะใช้เป็นพิมพ์ช็อกโกแลต แต่งหน้าเค้ก ขนมเบเกอรี่ ทำฟองดอง
fondant สบู่ เรซิ่น
* สามารถนำมาใช้ได้อย่างปลอดภัยทั้งในเตาอบ ไมโครเวฟ
เครื่องล้างจานหรือตู้เย็น ในช่วงอุณหภูมิ –40 องศาเซลเซียส ถึง 230
องศาเซลเซียส (-40°F - 446°F) และไม่ควรเกิน 260 องศาเซลเซียส
(525°F) เพราะแม่พิมพ์ซิลิโคนอาจละลาย และได้รับความเสียหายได้",230.00,6,0.125,15,silicone9014,"","","","","","","","","","","","","","","","","","","","","","","","","","","","","","","","","","","","","","","","","","","","","","","","","","","","","","","","","","","","","",https://cdn.shopify.com/s/files/1/1498/3814/products/cross-skull-Silicone-Mold-chocolate-Fondant-moulds-baking-DIY-party-cake-Decorating-Tools-Free-Shipping-F0487_21.jpg?v=1508740647,https://cdn.shopify.com/s/files/1/1498/3814/products/cross-skull-Silicone-Mold-chocolate-Fondant-moulds-baking-DIY-party-cake-Decorating-Tools-Free-Shipping-F0487_22.jpg?v=1508740648,https://cdn.shopify.com/s/files/1/1498/3814/products/cross-skull-Silicone-Mold-chocolate-Fondant-moulds-baking-DIY-party-cake-Decorating-Tools-Free-Shipping-F0487_23.jpg?v=1508740649,https://cdn.shopify.com/s/files/1/1498/3814/products/cross-skull-Silicone-Mold-chocolate-Fondant-moulds-baking-DIY-party-cake-Decorating-Tools-Free-Shipping-F0487_24.jpg?v=1508740650,https://cdn.shopify.com/s/files/1/1498/3814/products/cross-skull-Silicone-Mold-chocolate-Fondant-moulds-baking-DIY-party-cake-Decorating-Tools-Free-Shipping-F0487_25.jpg?v=1508740651,https://cdn.shopify.com/s/files/1/1498/3814/products/cross-skull-Silicone-Mold-chocolate-Fondant-moulds-baking-DIY-party-cake-Decorating-Tools-Free-Shipping-F0487_26.jpg?v=1508740653,"","",""
0,แม่พิมพ์ซิลิโคน ผีฟักทอง ใส่หมวกแลบลิ้น การ์ตูน ฮาโลวีน,"แม่พิมพ์ซิลิโคน ผีฟักทอง ใส่หมวกแลบลิ้น การ์ตูน ฮาโลวีน
-------------------------------------------------------

สินค้าพร้อมส่ง

* ขนาดแม่พิมพ์: 6.4 x 5.7 ซม.
* น้ำหนัก: 48 กรัม
* เหมาะใช้เป็นพิมพ์ช็อกโกแลต แต่งหน้าเค้ก ขนมเบเกอรี่ ทำฟองดอง
fondant สบู่ เรซิ่น
* สามารถนำมาใช้ได้อย่างปลอดภัยทั้งในเตาอบ ไมโครเวฟ
เครื่องล้างจานหรือตู้เย็น ในช่วงอุณหภูมิ –40 องศาเซลเซียส ถึง 230
องศาเซลเซียส (-40°F - 446°F) และไม่ควรเกิน 260 องศาเซลเซียส
(525°F) เพราะแม่พิมพ์ซิลิโคนอาจละลาย และได้รับความเสียหายได้",85.00,6,0.048,15,silicone9013,"","","","","","","","","","","","","","","","","","","","","","","","","","","","","","","","","","","","","","","","","","","","","","","","","","","","","","","","","","","","","",https://cdn.shopify.com/s/files/1/1498/3814/products/Halloween-Pumpkin-Cake-Mold-Fondant-Cake-Decorating-Silicone-Cake-Chocolate-Mould-MF173_18.jpg?v=1508740406,https://cdn.shopify.com/s/files/1/1498/3814/products/Halloween-Pumpkin-Cake-Mold-Fondant-Cake-Decorating-Silicone-Cake-Chocolate-Mould-MF173_19.jpg?v=1508740407,https://cdn.shopify.com/s/files/1/1498/3814/products/Halloween-Pumpkin-Cake-Mold-Fondant-Cake-Decorating-Silicone-Cake-Chocolate-Mould-MF173_20.jpg?v=1508740407,"","","","","",""
0,แม่พิมพ์สบู่ หัวกะโหลก กะโหลกผี ฮาโลวีน 3 แบบ,"แม่พิมพ์สบู่ หัวกะโหลก กะโหลกผี ฮาโลวีน 3 แบบ
---------------------------------------------

สินค้าพร้อมส่ง

* ขนาดแม่พิมพ์: 12.5 x 4.6 ซม. ขนาดชิ้นงาน 3x4 ซม.
* น้ำหนัก: 48 กรัม
* เหมาะใช้เป็นพิมพ์ช็อกโกแลต แต่งหน้าเค้ก ขนมเบเกอรี่ ทำฟองดอง
fondant สบู่ เรซิ่น
* สามารถนำมาใช้ได้อย่างปลอดภัยทั้งในเตาอบ ไมโครเวฟ
เครื่องล้างจานหรือตู้เย็น ในช่วงอุณหภูมิ –40 องศาเซลเซียส ถึง 230
องศาเซลเซียส (-40°F - 446°F) และไม่ควรเกิน 260 องศาเซลเซียส
(525°F) เพราะแม่พิมพ์ซิลิโคนอาจละลาย และได้รับความเสียหายได้",90.00,6,0.048,15,silicone9010,"","","","","","","","","","","","","","","","","","","","","","","","","","","","","","","","","","","","","","","","","","","","","","","","","","","","","","","","","","","","","",https://cdn.shopify.com/s/files/1/1498/3814/products/halloween-soap-mold0.jpg?v=1508738541,https://cdn.shopify.com/s/files/1/1498/3814/products/halloween-soap-mold1.jpg?v=1508738542,https://cdn.shopify.com/s/files/1/1498/3814/products/halloween-soap-mold2.jpg?v=1508738542,https://cdn.shopify.com/s/files/1/1498/3814/products/halloween-soap-mold3.jpg?v=1508738543,"","","","",""
0,แม่พิมพ์ ซิลิโคน เทียน ตัวเลข 0-9 ใหญ่ สำหรับหล่อเทียน เทียนวันเกิด,"แม่พิมพ์ ซิลิโคน ตัวเลข 0-9 ใหญ่
--------------------------------

* เหมาะใช้หล่อเทียนวันเกิด ขนาดตัวเลขแต่ละตัวประมาณ 2.8""x1.6""
ลึก 0.4"" (นิ้ว)
* น้ำหนักแม่พิมพ์ 142 กรัม
* สีสุ่มสี",300.00,9984,0.145,15,"","","","","","","","","","","","","","","","","","","","","","","","","","","","","","","","","","","","","","","","","","","","","","","","","","","","","","","","","","","","","","",https://cdn.shopify.com/s/files/1/1498/3814/products/Numbers-Candle-Candy-Silicone-Mold-for-Birthday-Cake-Ice-Cream-Decoration_31.jpg?v=1507612384,https://cdn.shopify.com/s/files/1/1498/3814/products/Numbers-Candle-Candy-Silicone-Mold-for-Birthday-Cake-Ice-Cream-Decoration_32.jpg?v=1507612385,"","","","","","",""
0,พิมพ์เค้กอลูมิเนียม ดอกลิลลี่ ขนาดเล็ก มีรูตรงกลางผิวไม่ติด Non-stick Bundt Pan 4 นิ้ว 1 ชิ้น,"พิมพ์เค้กอลูมิเนียม ดอกลิลลี่ ขนาดเล็ก มีรูตรงกลางผิวไม่ติด
Non-stick Bundt Pan 4 นิ้ว 1 ชิ้น
-----------------------------------------------------------------

สินค้าพร้อมส่ง

* แม่พิมพ์อลูมิเนียม สำหรับทำเค้ก รูปดอกลิลลี่ ขนาดเล็ก 4 นิ้ว
อลูมิเนียมอย่างหนา พร้อมเคลือบ พื้นผิวสีดำ
เนื่องจากการเคลือบแบบไม่ทำให้เกิดการเกาะติด (Non-stick Coating)
สำหรับให้เค้กไม่ติดหลังจากอบ
* ขนาด 11 x 4.6 ซม.
* ผลิตจากอลูมิเนียม Food Grade ชั้นดี
เหมาะกับการใช้งานในอุณหภูมิสูง ปลอดภัยกับอาหาร แข็งแรงหนา
ทนทานและ มีอายุการใช้งานที่ยาวนาน
* ราคาแพงแต่คุ้มค่าแน่นอน ช่วยให้ทำเค้กรูปร่างสวยๆได้ง่ายดาย
* น้ำหนัก 165 กรัม",310.00,8,0.17,15,cakepan0028,"","","","","","","","","","","","","","","","","","","","","","","","","","","","","","","","","","","","","","","","","","","","","","","","","","","","","","","","","","","","","",https://cdn.shopify.com/s/files/1/1498/3814/products/aluminum-lilly-cake-baking-1.jpg?v=1506513120,https://cdn.shopify.com/s/files/1/1498/3814/products/aluminum-lilly-cake-baking-2.jpg?v=1506513120,https://cdn.shopify.com/s/files/1/1498/3814/products/aluminum-lilly-cake-baking-4.jpg?v=1506513120,https://cdn.shopify.com/s/files/1/1498/3814/products/aluminum-lilly-cake-baking-5.jpg?v=1506513120,"","","","",""
0,พิมพ์เค้กอลูมิเนียม Snowman Xmas มนุษย์หิมะการ์ตูน เล่นสกี คริสต์มาส 3 มิติ ขนาด 10x8 ซม. พิมพ์ประกบคู่ 1 ชุด,"พิมพ์เค้กอลูมิเนียม Snowman Xmas มนุษย์หิมะการ์ตูนเล่นสกี
คริสต์มาส 3 มิติ ขนาด 10x8 ซม. พิมพ์ประกบคู่ 1 ชุด
-----------------------------------------------------------------

สินค้าพร้อมส่ง

* แม่พิมพ์ อลูมิเนียม Snowman Xmas มนุษย์หิมะเล่นสกี คริสต์มาส 3
มิติ แบบ ประกบ 1 คู่ (มี 2 ชิ้น ใช้ประกบกัน)
* ขนาด 8.2 x 10 ซม. (ดูในรูปเพิ่มเติม)
* ผลิตจากอลูมิเนียม Food Grade ชั้นดี ทนทานและปลอดภัยกับอาหาร
ทนความร้อนสูง
* น้ำหนัก 325 กรัม (ชิ้น)

ใช้สำหรับเป็นแม่พิมพ์ทำเค้ก ช็อคโกแลต พุดดิ้ง หรือวุ้น
และเบเกอร์รี่ต่างๆตามความต้องการ ผลิตจากอลูมิเนียม Food Grade
ชั้นดี มีความคงทน ไม่เป็นสนิม ไม่มีกลิ่นตกค้าง
ง่ายต่อการทำความสะอาด แข็งแรงทนทาน และมีอายุการใช้งานที่ยาวนาน",440.00,3,0.325,15,cakepan0027,"","","","","","","","","","","","","","","","","","","","","","","","","","","","","","","","","","","","","","","","","","","","","","","","","","","","","","","","","","","","","",https://cdn.shopify.com/s/files/1/1498/3814/products/aluminum-snowman-cake-baking-4.jpg?v=1506510898,https://cdn.shopify.com/s/files/1/1498/3814/products/snowman.jpg?v=1506510898,https://cdn.shopify.com/s/files/1/1498/3814/products/aluminum-snowman-cake-baking-1.jpg?v=1506510898,https://cdn.shopify.com/s/files/1/1498/3814/products/aluminum-snowman-cake-baking-3.jpg?v=1506510898,"","","","",""
0,พิมพ์เค้ก อลูมิเนียม รูปดอกไม้ ขนาดเล็ก สำหรับทำเค้ก ชิฟฟ่อน 4 นิ้ว 10x4.5 ซม. 1 ชิ้น,"พิมพ์เค้ก อลูมิเนียม รูปดอกไม้ ขนาดเล็ก สำหรับทำเค้ก ชิฟฟ่อน 4
นิ้ว 10x4.5 ซม. 1 ชิ้น
-----------------------------------------------------------------

สินค้าพร้อมส่ง

* แม่พิมพ์ อลูมิเนียมรูปดอกไม้ ขนาดเล็ก สำหรับทำเค้ก ชิฟฟ่อน 4
นิ้ว 1 ชิ้น
* ขนาดเส้นผ่านศูนย์กลาง 10 ซม. สูง 4.5 ซม.
* ผลิตจากอลูมิเนียม Food Grade ชั้นดี ทนทานและปลอดภัยกับอาหาร
ทนความร้อนสูง
* น้ำหนัก 41 กรัม

ใช้สำหรับเป็นแม่พิมพ์ทำเค้ก ช็อคโกแลต พุดดิ้ง หรือวุ้น
และเบเกอร์รี่ต่างๆตามความต้องการ ผลิตจากอลูมิเนียม Food Grade
ชั้นดี มีความคงทน ไม่เป็นสนิม ไม่มีกลิ่นตกค้าง
ง่ายต่อการทำความสะอาด แข็งแรงทนทาน และมีอายุการใช้งานที่ยาวนาน",140.00,20,0.041,15,cakepan0024,"","","","","","","","","","","","","","","","","","","","","","","","","","","","","","","","","","","","","","","","","","","","","","","","","","","","","","","","","","","","","",https://cdn.shopify.com/s/files/1/1498/3814/products/mini-flower-shape-aluminum-alloy-baking-1.jpg?v=1506506793,https://cdn.shopify.com/s/files/1/1498/3814/products/mini-flower-shape-aluminum-alloy-baking-2.jpg?v=1506506795,https://cdn.shopify.com/s/files/1/1498/3814/products/mini-flower-shape-aluminum-alloy-baking-3.jpg?v=1506506796,https://cdn.shopify.com/s/files/1/1498/3814/products/mini-flower-shape-aluminum-alloy-baking-4.jpg?v=1506506797,"","","","",""
0,พิมพ์เค้ก รูปลูกบอล ลูกบาส เทนนิส สปอร์ต ทรงกลมประกบ 3 มิติ อลูมิเนียม ขนาด 16 ซม. 1 ชุด,"พิมพ์เค้ก รูปลูกบอล ลูกบาส เทนนิส ทรงกลม 3 มิติ อลูมิเนียม
ขนาดเส้นผ่าน 16 ซม. 1 ชุด ประกอบไปด้วย ครึ่งวงกลม 2 ชิ้น
และฐานวาง 2 ชิ้น
-----------------------------------------------------------------

สินค้าพร้อมส่ง

* พิมพ์เค้ก รูปลูกบอล ลูกบาส เทนนิส ทรงกลม 3 มิติ อลูมิเนียม
ขนาดเส้นผ่าน 16 ซม 1 ชุด
* 1 ชุด ประกอบไปด้วย ครึ่งวงกลม 2 ชิ้น เส้นผ่านศูนย์กลาง 16 ซม.
และฐานวางขนาด 11 ซม. 2 ชิ้น สำหรับนำไปประกบกันให้ได้วงกลม
* ดูวิธีทำได้จากวิดีโอ
* ผลิตจากอลูมิเนียม Food Grade ชั้นดี หนาทนทานและปลอดภัยกับอาหาร
* น้ำหนัก 200 กรัม

ใช้ในการอบเค้กให้ได้เป็นรูปทรงกลม เพื่อนำไปกระกบ ทำเป็นลูกบอล
ลูกบาส
หรือลูกเทนนิสซึ่งสามารถนำไปตบแต่งหน้าต่อให้สวยงามน่ารับประทาน
นำไปทำเค้กขาย ก็ได้ราคาสูง สำหรับ ธีมเค้กแนวสปอร์ต",360.00,5,0.2,15,cakepan0015,"","","","","","","","","","","","","","","","","","","","","","","","","","","","","","","","","","","","","","","","","","","","","","","","","","","","","","","","","","","","","",https://cdn.shopify.com/s/files/1/1498/3814/products/s-l1600_1.jpg?v=1506360766,https://cdn.shopify.com/s/files/1/1498/3814/products/set-ball-aluminum-alloy-baking-1.jpg?v=1506360766,https://cdn.shopify.com/s/files/1/1498/3814/products/set-ball-aluminum-alloy-baking-3.jpg?v=1506360766,https://cdn.shopify.com/s/files/1/1498/3814/products/set-ball-aluminum-alloy-baking-2.jpg?v=1506360766,"","","","",""
0,พิมพ์เค้ก ถอดก้นได้ สี่เหลี่ยมจัตุรัส อลูมิเนียม อย่างหนา ขนาด 6 นิ้ว สูง 3 นิ้ว 1 ชิ้น,"พิมพ์เค้ก ถอดก้นได้ ถาดสี่เหลี่ยมจัตุรัส อลูมิเนียม อย่างหนา ขนาด
6 นิ้ว สูง 3 นิ้ว (16.5 ซม. สูง 7.7 ซม.) 1 ชิ้น
-----------------------------------------------------------------

สินค้าพร้อมส่ง

* แม่พิมพ์อลูมิเนียม สี่เหลี่ยมจัตุรัสแบบถอดก้นได้ 1 ชิ้น
* ขนาด 6x6 นิ้ว สูง 3 นิ้ว เทียบเท่า 16.5x16.5 ซม. สูง 7 นิ้ว
* ผลิตจากอลูมิเนียม Food Grade ชั้นดี หนาทนทานและปลอดภัยกับอาหาร
* น้ำหนัก 235 กรัม

ข้อดีของแม่พิมพ์แบบถอดก้นได้
ในการทำเค้กก็คือเอาไว้ใช้สำหรับทำเค้กที่ไม่สามารถคว่ำหน้าออกจากพิมพ์ได้
เช่น ชีสเค้ก มูสเค้กโดนสามารถดันก้นเค้กขึ้นมาวางนอกพิมพ์ได้
ทำให้หน้าเค้กไม่เสีย และก็สามารถใช้อบเค้กทั่วไปได้อีกด้วย
ไม่จำเป็นต้องใช้กระดาษฟรอยด์รองก้นรั่วแต่อย่างใด
และทำให้นำเค้กออกจากถาดพิมพ์ได้ง่ายขึ้นโดยไม่ต้องกลับหัว
แบบพิมพ์เค้กที่ไม่มีก้น",240.00,12,0.28,15,cakepan0012,"","","","","","","","","","","","","","","","","","","","","","","","","","","","","","","","","","","","","","","","","","","","","","","","","","","","","","","","","","","","","",https://cdn.shopify.com/s/files/1/1498/3814/products/6-inch-square-03.jpg?v=1506357171,https://cdn.shopify.com/s/files/1/1498/3814/products/6-inch-square-02.jpg?v=1506357172,"","","","","","",""
0,พิมพ์เค้กอลูมิเนียม รูปสัญลักษณ์ดอกลิลลี่ Fleur de lis มีรูตรงกลาง เคลือบแบบผิวไม่ติด Non-stick Bundt Pan 10 นิ้ว 1 ชิ้น,"พิมพ์เค้กอลูมิเนียม รูปสัญลักษณ์ดอกลิลลี่ Fleur de lis
มีรูตรงกลาง เคลือบแบบผิวไม่ติด Non-stick Bundt Pan 10 นิ้ว 1 ชิ้น
-----------------------------------------------------------------

สินค้าพร้อมส่ง

* แม่พิมพ์อลูมิเนียม สำหรับทำเค้ก รูปสัญลักษณ์ดอกลิลลี่ Fleur de
lis อะลูมิเนียมอย่างหนา พร้อมเคลือบ พื้นผิวสีดำ
เนื่องจากการเคลือบแบบไม่ทำให้เกิดการเกาะติด (Non-stick Coating)
สำหรับให้เค้กไม่ติดหลังจากอบ
* ขนาด เส้นผ่านศูนย์กลาง 23.5 ซม. สูง 9.7 ซม.
* ผลิตจากอลูมิเนียม Food Grade ชั้นดี
เหมาะกับการใช้งานในอุณหภูมิสูง ปลอดภัยกับอาหาร แข็งแรงหนา
ทนทานและ มีอายุการใช้งานที่ยาวนาน
* ราคาแพงแต่คุ้มค่าแน่นอน ช่วยให้ทำเค้กรูปร่างสวยๆได้ง่ายดาย
* น้ำหนัก 556 กรัม",730.00,3,0.556,15,cakepan0011,"","","","","","","","","","","","","","","","","","","","","","","","","","","","","","","","","","","","","","","","","","","","","","","","","","","","","","","","","","","","","",https://cdn.shopify.com/s/files/1/1498/3814/products/fluer_de_lis_bundt_pan.jpg?v=1506193783,https://cdn.shopify.com/s/files/1/1498/3814/products/baking-cake-lily-flower-aluminum-1.jpg?v=1506193783,https://cdn.shopify.com/s/files/1/1498/3814/products/baking-cake-lily-flower-aluminum-2.jpg?v=1506193783,"","","","","",""
0,พิมพ์เค้กอะลูมิเนียม รูปเค้กหัวใจดวงเล็ก 6 ดวง เคลือบแบบผิวไม่ติด Non-stick Cake Pan 1 ชิ้น,"พิมพ์เค้กอะลูมิเนียม รูปเค้กหัวใจดวงเล็ก 6 ดวง เคลือบแบบผิวไม่ติด
Non-stick Cake Pan 1 ชิ้น
-----------------------------------------------------------------

สินค้าพร้อมส่ง

* แม่พิมพ์อะลูมิเนียม สำหรับทำเค้กรูปเค้กหัวใจดวงเล็ก 6 ดวง
อะลูมิเนียมอย่างหนา พร้อมเคลือบ พื้นผิวสีดำ
เนื่องจากการเคลือบแบบไม่ทำให้เกิดการเกาะติด (Non-stick Coating)
สำหรับให้เค้กไม่ติดหลังจากอบ
* ขนาด 25.5 ซม. สูง 4.8 ซม.
* ผลิตจากอะลูมิเนียม Food Grade ชั้นดี
เหมาะกับการใช้งานในอุณหภูมิสูง ปลอดภัยกับอาหาร แข็งแรงหนา
ทนทานและ มีอายุการใช้งานที่ยาวนาน
* ราคาแพงแต่คุ้มค่าแน่นอน ช่วยให้ทำเค้กรูปร่างสวยๆได้ง่ายดาย
* น้ำหนัก 745 กรัม",770.00,3,0.745,15,cakepan0010,"","","","","","","","","","","","","","","","","","","","","","","","","","","","","","","","","","","","","","","","","","","","","","","","","","","","","","","","","","","","","",https://cdn.shopify.com/s/files/1/1498/3814/products/six_heart-shaped_pan.jpg?v=1506192755,https://cdn.shopify.com/s/files/1/1498/3814/products/baking-cake-six-heart-aluminum-1.jpg?v=1506192773,https://cdn.shopify.com/s/files/1/1498/3814/products/baking-cake-six-heart-aluminum-2.jpg?v=1506192774,"","","","","",""
0,พิมพ์เค้กอะลูมิเนียม รูปเค้กเกลียว Windspout มีรูตรงกลาง อย่างหนา เคลือบผิวไม่ติด Non-stick Bundt Pan 10 นิ้ว 1 ชิ้น,"พิมพ์เค้กอะลูมิเนียม รูปเค้กเกลียว Windspout มีรูตรงกลาง
เคลือบแบบผิวไม่ติด Non-stick Bundt Pan 10 นิ้ว 1 ชิ้น
-----------------------------------------------------------------

สินค้าพร้อมส่ง

* แม่พิมพ์อะลูมิเนียม สำหรับทำเค้ก รูปเค้กเกลียว Windspout
อะลูมิเนียมอย่างหนา พร้อมเคลือบ พื้นผิวสีดำ
เนื่องจากการเคลือบแบบไม่ทำให้เกิดการเกาะติด (Non-stick Coating)
สำหรับให้เค้กไม่ติดหลังจากอบ
* ขนาดเส้นผ่านศูนย์กลาง 23.3 ซม. สูง 9 ซม.
* ผลิตจากอะลูมิเนียม Food Grade ชั้นดี
เหมาะกับการใช้งานในอุณหภูมิสูง ปลอดภัยกับอาหาร แข็งแรงหนา
ทนทานและ มีอายุการใช้งานที่ยาวนาน
* ราคาแพงแต่คุ้มค่าแน่นอน ช่วยให้ทำเค้กรูปร่างสวยๆได้ง่ายดาย
* น้ำหนัก 715 กรัม",820.00,3,0.715,15,cakepan0009,"","","","","","","","","","","","","","","","","","","","","","","","","","","","","","","","","","","","","","","","","","","","","","","","","","","","","","","","","","","","","",https://cdn.shopify.com/s/files/1/1498/3814/products/baking-cake-tornado-aluminum-3.jpg?v=1506192446,https://cdn.shopify.com/s/files/1/1498/3814/products/windspout_cake_pan.jpg?v=1506192446,https://cdn.shopify.com/s/files/1/1498/3814/products/baking-cake-tornado-aluminum-1.jpg?v=1506192446,https://cdn.shopify.com/s/files/1/1498/3814/products/baking-cake-tornado-aluminum-2.jpg?v=1506192446,"","","","",""
0,พิมพ์เค้กอะลูมิเนียม รูปเค้กฟักทอง เคลือบแบบผิวไม่ติด Non-stick Cake Pan 28 ซม. 1 ชิ้น,"พิมพ์เค้กอะลูมิเนียม รูปเค้กฟักทอง เคลือบแบบผิวไม่ติด Non-stick
Cake Pan 28 ซม. 1 ชิ้น
-----------------------------------------------------------------

สินค้าพร้อมส่ง

* แม่พิมพ์อะลูมิเนียม สำหรับทำเค้กรูปเค้กฟักทอง
อะลูมิเนียมอย่างหนา พร้อมเคลือบ พื้นผิวสีดำ
เนื่องจากการเคลือบแบบไม่ทำให้เกิดการเกาะติด (Non-stick Coating)
สำหรับให้เค้กไม่ติดหลังจากอบ
* ขนาด 28x6.5 ซม. สูง 4.8 ซม.
* ผลิตจากอะลูมิเนียม Food Grade ชั้นดี
เหมาะกับการใช้งานในอุณหภูมิสูง ปลอดภัยกับอาหาร แข็งแรงหนา
ทนทานและ มีอายุการใช้งานที่ยาวนาน
* ราคาแพงแต่คุ้มค่าแน่นอน ช่วยให้ทำเค้กรูปร่างสวยๆได้ง่ายดาย
* น้ำหนัก 545 กรัม",560.00,3,0.545,15,cakepan0008,"","","","","","","","","","","","","","","","","","","","","","","","","","","","","","","","","","","","","","","","","","","","","","","","","","","","","","","","","","","","","",https://cdn.shopify.com/s/files/1/1498/3814/products/baking-cake-pumpkin-aluminum-3.jpg?v=1506191510,https://cdn.shopify.com/s/files/1/1498/3814/products/baking-cake-pumpkin-aluminum-1.jpg?v=1506191511,https://cdn.shopify.com/s/files/1/1498/3814/products/baking-cake-pumpkin-aluminum-2.jpg?v=1506191512,"","","","","",""
0,พิมพ์เค้กอะลูมิเนียม รูปหัวใจ มีรูตรงกลาง เคลือบแบบผิวไม่ติด Non-stick Bundt Pan 10 นิ้ว 1 ชิ้น,"พิมพ์เค้กอะลูมิเนียม รูปหัวใจ มีรูตรงกลาง เคลือบแบบผิวไม่ติด
Non-stick Bundt Pan 10 นิ้ว 1 ชิ้น
-----------------------------------------------------------------

สินค้าพร้อมส่ง

* แม่พิมพ์อะลูมิเนียม สำหรับทำเค้กรูปหัวใจ อะลูมิเนียมอย่างหนา
พร้อมเคลือบ พื้นผิวสีดำ
เนื่องจากการเคลือบแบบไม่ทำให้เกิดการเกาะติด (Non-stick Coating)
สำหรับให้เค้กไม่ติดหลังจากอบ
* ขนาด เส้นผ่านศูนย์กลาง 28 ซม. สูง 9.8 ซม.
* ผลิตจากอะลูมิเนียม Food Grade ชั้นดี
เหมาะกับการใช้งานในอุณหภูมิสูง ปลอดภัยกับอาหาร แข็งแรงหนา
ทนทานและ มีอายุการใช้งานที่ยาวนาน
* ราคาแพงแต่คุ้มค่าแน่นอน ช่วยให้ทำเค้กรูปร่างสวยๆได้ง่ายดาย
* น้ำหนัก 775 กรัม",810.00,3,0.785,15,cakepan0007,"","","","","","","","","","","","","","","","","","","","","","","","","","","","","","","","","","","","","","","","","","","","","","","","","","","","","","","","","","","","","",https://cdn.shopify.com/s/files/1/1498/3814/products/baking-cake-heart-aluminum-3.jpg?v=1506191104,https://cdn.shopify.com/s/files/1/1498/3814/products/baking-cake-heart-aluminum-1.jpg?v=1506191105,https://cdn.shopify.com/s/files/1/1498/3814/products/baking-cake-heart-aluminum-2.jpg?v=1506191107,"","","","","",""
0,พิมพ์เค้กอะลูมิเนียม รูปดอกไม้ เดซี่ ดอกเบญจมาศ มีรูตรงกลาง เคลือบแบบผิวไม่ติด Non-stick Bundt Pan 10 นิ้ว 1 ชิ้น,"พิมพ์เค้กอะลูมิเนียม รูปดอกไม้ เดซี่ ดอกเบญจมาศ มีรูตรงกลาง
เคลือบแบบผิวไม่ติด Non-stick Bundt Pan 10 นิ้ว 1 ชิ้น
-----------------------------------------------------------------

สินค้าพร้อมส่ง

* แม่พิมพ์อะลูมิเนียม สำหรับทำเค้ก รูปดอกไม้ เดซี่ ดอกเบญจมาศ
อะลูมิเนียมอย่างหนา พร้อมเคลือบ พื้นผิวสีดำ
เนื่องจากการเคลือบแบบไม่ทำให้เกิดการเกาะติด (Non-stick Coating)
สำหรับให้เค้กไม่ติดหลังจากอบ
* ขนาด เส้นผ่านศูนย์กลาง 20.3 ซม. สูง 8 ซม.
* ผลิตจากอะลูมิเนียม Food Grade ชั้นดี
เหมาะกับการใช้งานในอุณหภูมิสูง ปลอดภัยกับอาหาร แข็งแรงหนา
ทนทานและ มีอายุการใช้งานที่ยาวนาน
* ราคาแพงแต่คุ้มค่าแน่นอน ช่วยให้ทำเค้กรูปร่างสวยๆได้ง่ายดาย
* น้ำหนัก 502 กรัม",730.00,3,0.515,15,cakepan0006,"","","","","","","","","","","","","","","","","","","","","","","","","","","","","","","","","","","","","","","","","","","","","","","","","","","","","","","","","","","","","",https://cdn.shopify.com/s/files/1/1498/3814/products/daisy_cake_pan.jpg?v=1506190776,https://cdn.shopify.com/s/files/1/1498/3814/products/baking-cake-chrysanthemum-aluminum-1.jpg?v=1506190776,https://cdn.shopify.com/s/files/1/1498/3814/products/baking-cake-chrysanthemum-aluminum-2.jpg?v=1506190776,"","","","","",""
0,พิมพ์เค้กอะลูมิเนียม รูปกลีบดอกไม้โคโรล่า มีรูตรงกลาง เคลือบแบบผิวไม่ติด Non-stick Corolla Bundt Pan 10 นิ้ว 1 ชิ้น,"พิมพ์เค้กอะลูมิเนียม รูปกลีบดอกไม้โคโรล่า มีรูตรงกลาง
เคลือบแบบผิวไม่ติด Non-stick Bundt Pan 10 นิ้ว 1 ชิ้น
-----------------------------------------------------------------

สินค้าพร้อมส่ง

* แม่พิมพ์อะลูมิเนียม สำหรับทำเค้ก รูปกลีบดอกไม้โคโรล่า
อะลูมิเนียมอย่างหนา พร้อมเคลือบ พื้นผิวสีดำ
เนื่องจากการเคลือบแบบไม่ทำให้เกิดการเกาะติด (Non-stick Coating)
สำหรับให้เค้กไม่ติดหลังจากอบ
* ขนาด เส้นผ่านศูนย์กลาง 20.5 ซม. สูง 8 ซม.
* ผลิตจากอะลูมิเนียม Food Grade ชั้นดี
เหมาะกับการใช้งานในอุณหภูมิสูง ปลอดภัยกับอาหาร แข็งแรงหนา
ทนทานและ มีอายุการใช้งานที่ยาวนาน
* ราคาแพงแต่คุ้มค่าแน่นอน ช่วยให้ทำเค้กรูปร่างสวยๆได้ง่ายดาย
* น้ำหนัก 505 กรัม",740.00,3,0.535,15,cakepan0005,"","","","","","","","","","","","","","","","","","","","","","","","","","","","","","","","","","","","","","","","","","","","","","","","","","","","","","","","","","","","","",https://cdn.shopify.com/s/files/1/1498/3814/products/corolla_shape_bundt_pan.jpg?v=1506190139,https://cdn.shopify.com/s/files/1/1498/3814/products/baking-cake-corolla-aluminum-3.jpg?v=1506190139,https://cdn.shopify.com/s/files/1/1498/3814/products/baking-cake-corolla-aluminum-1.jpg?v=1506190139,https://cdn.shopify.com/s/files/1/1498/3814/products/baking-cake-corolla-aluminum-2.jpg?v=1506190139,"","","","",""
0,พิมพ์เค้กอะลูมิเนียม รูปเค้กทรงร่มพุ่ม มีรูตรงกลาง เคลือบแบบผิวไม่ติด Non-stick Bundt Pan 10 นิ้ว 1 ชิ้น,"พิมพ์เค้กอะลูมิเนียม รูปเค้กทรงร่มพุ่ม มีรูตรงกลาง
เคลือบแบบผิวไม่ติด Non-stick Bundt Pan 10 นิ้ว 1 ชิ้น
-----------------------------------------------------------------

สินค้าพร้อมส่ง

* แม่พิมพ์อะลูมิเนียม สำหรับทำเค้ก รูปเค้กทรงร่มพุ่ม
อะลูมิเนียมอย่างหนา พร้อมเคลือบ พื้นผิวสีดำ
เนื่องจากการเคลือบแบบไม่ทำให้เกิดการเกาะติด (Non-stick Coating)
สำหรับให้เค้กไม่ติดหลังจากอบ
* ขนาด เส้นผ่านศูนย์กลาง 24 ซม. สูง 9 ซม.
* ผลิตจากอะลูมิเนียม Food Grade ชั้นดี
เหมาะกับการใช้งานในอุณหภูมิสูง ปลอดภัยกับอาหาร แข็งแรงหนา
ทนทานและ มีอายุการใช้งานที่ยาวนาน
* ราคาแพงแต่คุ้มค่าแน่นอน ช่วยให้ทำเค้กรูปร่างสวยๆได้ง่ายดาย
* น้ำหนัก 655 กรัม",790.00,3,0.67,15,cakepan0004,"","","","","","","","","","","","","","","","","","","","","","","","","","","","","","","","","","","","","","","","","","","","","","","","","","","","","","","","","","","","","",https://cdn.shopify.com/s/files/1/1498/3814/products/umbrella_shape_bundt_pan.jpg?v=1506189335,https://cdn.shopify.com/s/files/1/1498/3814/products/baking-cake-umbrella-aluminum-1.jpg?v=1506189335,https://cdn.shopify.com/s/files/1/1498/3814/products/baking-cake-umbrella-aluminum-2.jpg?v=1506189335,https://cdn.shopify.com/s/files/1/1498/3814/products/baking-cake-umbrella-aluminum-3.jpg?v=1506189335,"","","","",""
0,พิมพ์เค้กอะลูมิเนียม รูปเค้กซ้อนชั้นหมุน มีรูตรงกลาง เคลือบแบบผิวไม่ติด Bundt Pan 10 นิ้ว 1 ชิ้น,"พิมพ์เค้กอะลูมิเนียม รูปเค้กซ้อนชั้นหมุน มีรูตรงกลาง Bundt Pan
Non-stick 10 นิ้ว 1 ชิ้น
-----------------------------------------------------------------

สินค้าพร้อมส่ง

* แม่พิมพ์อะลูมิเนียม สำหรับทำเค้ก
รูปซ้อนเป็นชั้นหมุน อะลูมิเนียมอย่างหนา พร้อมเคลือบ พื้นผิวสีดำ
เนื่องจากการเคลือบแบบไม่ทำให้เกิดการเกาะติด (Non-stick Coating)
สำหรับให้เค้กไม่ติดหลังจากอบ
* ขนาด เส้นผ่านศูนย์กลาง 24.3 ซม. สูง 9ซม.
* ผลิตจากอะลูมิเนียม Food Grade ชั้นดี
เหมาะกับการใช้งานในอุณหภูมิสูง ปลอดภัยกับอาหาร แข็งแรงหนา
ทนทานและ มีอายุการใช้งานที่ยาวนาน
* ราคาแพงแต่คุ้มค่าแน่นอน ช่วยให้ทำเค้กรูปร่างสวยๆได้ง่ายดาย
* น้ำหนัก 825 กรัม",810.00,3,0.825,15,cakepan0003,"","","","","","","","","","","","","","","","","","","","","","","","","","","","","","","","","","","","","","","","","","","","","","","","","","","","","","","","","","","","","",https://cdn.shopify.com/s/files/1/1498/3814/products/spinning_loaf_shape_bundt_pan.jpg?v=1506188132,https://cdn.shopify.com/s/files/1/1498/3814/products/baking-cake-spiral-flower-aluminum-3.jpg?v=1506188132,https://cdn.shopify.com/s/files/1/1498/3814/products/baking-cake-spiral-flower-aluminum-1.jpg?v=1506188132,https://cdn.shopify.com/s/files/1/1498/3814/products/baking-cake-spiral-flower-aluminum-2.jpg?v=1506188132,"","","","",""
0,พิมพ์เค้กอะลูมิเนียม รูปพุ่มดาวประกายแสง มีรูตรงกลาง เคลือบแบบผิวไม่ติด Bundt Pan 10 นิ้ว 1 ชิ้น,"พิมพ์เค้กอะลูมิเนียม รูปพุ่มดาวประกายแสง มีรูตรงกลาง Bundt Pan
Non-stick 10 นิ้ว 1 ชิ้น
-----------------------------------------------------------------

สินค้าพร้อมส่ง

* แม่พิมพ์อะลูมิเนียม สำหรับทำเค้ก รูปพุ่มดาวมีรูตรงกลาง อย่างหนา
พร้อมเคลือบ พื้นผิวสีดำ
เนื่องจากการเคลือบแบบไม่ทำให้เกิดการเกาะติด (Non-stick Coating)
สำหรับให้เค้กไม่ติดหลังจากอบ
* ขนาด เส้นผ่านศูนย์กลาง 24.8 ซม. สูง 10 ซม.
* ผลิตจากอะลูมิเนียม Food Grade ชั้นดี
เหมาะกับการใช้งานในอุณหภูมิสูง ปลอดภัยกับอาหาร แข็งแรงหนา
ทนทานและ มีอายุการใช้งานที่ยาวนาน
* ราคาแพงแต่คุ้มค่าแน่นอน ช่วยให้ทำเค้กรูปร่างสวยๆได้ง่ายดาย
* น้ำหนัก 928 กรัม",860.00,3,0.928,15,cakepan0002,"","","","","","","","","","","","","","","","","","","","","","","","","","","","","","","","","","","","","","","","","","","","","","","","","","","","","","","","","","","","","",https://cdn.shopify.com/s/files/1/1498/3814/products/baking-cake-brilliant-starlight-aluminum-3.jpg?v=1506186251,https://cdn.shopify.com/s/files/1/1498/3814/products/shing_star_bundt_pan.jpg?v=1506186251,https://cdn.shopify.com/s/files/1/1498/3814/products/baking-cake-brilliant-starlight-aluminum-1.jpg?v=1506186251,https://cdn.shopify.com/s/files/1/1498/3814/products/baking-cake-brilliant-starlight-aluminum-2.jpg?v=1506186251,"","","","",""
0,พิมพ์เค้กอะลูมิเนียม รูปดอกกุหลาบ มีรูตรงกลาง Bundt Pan Non-stick 10 นิ้ว 1 ชิ้น,"พิมพ์เค้กอะลูมิเนียม รูปดอกกุหลาบ มีรูตรงกลาง Bundt Pan Non-stick
10 นิ้ว 1 ชิ้น
-----------------------------------------------------------------

สินค้าพร้อมส่ง

* แม่พิมพ์อะลูมิเนียม สำหรับทำเค้ก รูปดอกกุหลาบมีรูตรงกลาง
อย่างหนา พร้อมเคลือบ พื้นผิวสีดำ
เนื่องจากการเคลือบแบบไม่ทำให้เกิดการเกาะติด (Non-stick Coating)
สำหรับให้เค้กไม่ติดหลังจากอบ
* ขนาด เส้นผ่านศูนย์กลาง 23.8 ซม. สูง 10 ซม.
* ผลิตจากอะลูมิเนียม Food Grade ชั้นดี
เหมาะกับการใช้งานในอุณหภูมิสูง ปลอดภัยกับอาหาร แข็งแรงหนา
ทนทานและ มีอายุการใช้งานที่ยาวนาน
* ราคาแพงแต่คุ้มค่าแน่นอน ช่วยให้ทำเค้กรูปร่างสวยๆได้ง่ายดาย
* น้ำหนัก 935 กรัม",850.00,3,0.935,15,cakepan0001,"","","","","","","","","","","","","","","","","","","","","","","","","","","","","","","","","","","","","","","","","","","","","","","","","","","","","","","","","","","","","",https://cdn.shopify.com/s/files/1/1498/3814/products/rose_bundt_pan.jpg?v=1506184850,https://cdn.shopify.com/s/files/1/1498/3814/products/silver-baking-cake-rose-aluminum-1.jpg?v=1506184890,https://cdn.shopify.com/s/files/1/1498/3814/products/silver-baking-cake-rose-aluminum-2.jpg?v=1506184892,https://cdn.shopify.com/s/files/1/1498/3814/products/silver-baking-cake-rose-aluminum-3.jpg?v=1506184893,"","","","",""
0,ถ้วยตวง พลาสติกแข็งใส พร้อมหูจับ ขนาด 250 มิลลิลิตร,"ถ้วยตวง พลาสติกแข็งใส พร้อมหูจับ ขนาด 250 มิลลิลิตร
---------------------------------------------------

สินค้าพร้อมส่ง

* ถ้วยตวง พลาสติกใส พร้อมหูจับและขีดวัดปริมาตร ขนาด 250 มิลลิลิตร
* ขนาดถ้วย 55 * 49 * 48.5 ซม.
* ผลิตจากพลาสติก Food Grade ชั้นดี ทนอุณหภูมิที่สูง
ทนทานและปลอดภัยกับการประกอบอาหาร
* หนัก 105 กรัม",150.00,20,0.105,15,tool0014,"","","","","","","","","","","","","","","","","","","","","","","","","","","","","","","","","","","","","","","","","","","","","","","","","","","","","","","","","","","","","",https://cdn.shopify.com/s/files/1/1498/3814/products/250ml-Resin-Measuring-Cup-plastic-cup-three-scaleswith-handle-1pc-lot_172.jpg?v=1506012167,https://cdn.shopify.com/s/files/1/1498/3814/products/cup-250-ml-03.jpg?v=1506012167,https://cdn.shopify.com/s/files/1/1498/3814/products/cup-250-ml-04.jpg?v=1506012167,https://cdn.shopify.com/s/files/1/1498/3814/products/cup-250-ml-05.jpg?v=1506012167,https://cdn.shopify.com/s/files/1/1498/3814/products/cup-250-ml-06.jpg?v=1506012167,"","","",""
0,ถ้วยตวง พลาสติกแข็งใส พร้อมหูจับ ขนาด 500 มิลลิลิตร,"ถ้วยตวง พลาสติกแข็งใส พร้อมหูจับ ขนาด 500 มิลลิลิตร
---------------------------------------------------

สินค้าพร้อมส่ง

* ถ้วยตวง พลาสติกใส พร้อมหูจับและขีดวัดปริมาตร ขนาด 500 มิลลิลิตร
* ขนาดถ้วย 61.5*61*58.5 ซม.
* ผลิตจากพลาสติก Food Grade ชั้นดี ทนอุณหภูมิที่สูง
ทนทานและปลอดภัยกับการประกอบอาหาร
* หนัก 150 กรัม",190.00,20,0.15,15,tool0013,"","","","","","","","","","","","","","","","","","","","","","","","","","","","","","","","","","","","","","","","","","","","","","","","","","","","","","","","","","","","","",https://cdn.shopify.com/s/files/1/1498/3814/products/cup-500-ml-05.jpg?v=1506011503,https://cdn.shopify.com/s/files/1/1498/3814/products/cup-500-ml-01.jpg?v=1506011503,https://cdn.shopify.com/s/files/1/1498/3814/products/cup-500-ml-02.jpg?v=1506011503,https://cdn.shopify.com/s/files/1/1498/3814/products/cup-500-ml-03.jpg?v=1506011503,https://cdn.shopify.com/s/files/1/1498/3814/products/cup-500-ml-04.jpg?v=1506011503,https://cdn.shopify.com/s/files/1/1498/3814/products/cup-500-ml-06.jpg?v=1506011503,"","",""
0,ที่คีบอาหาร ไม้คีบอาหาร คีมคีบอาหาร  ขนาด 12 นิ้ว สารพัดประโยชน์ ทำจากสแตนเลส หัวไนล่อน สีดำ,"ที่คีบอาหาร ไม้คีบอาหาร คีมคีบอาหาร สแตนเลส หัวไนล่อน สีดำ ขนาด
12 นิ้ว
-----------------------------------------------------------------

สินค้าพร้อมส่ง

* ที่คีบอาหาร สแตนเลส หัวไนล่อน สีดำ ขนาดยาว 12 นิ้ว หรือ 35.5
ซม.
* ผลิตจากสแตนเลสทั้งอัน ส่วนหัวผลิตจากไนล่อน Food Grade ชั้นดี
ทนทานและปลอดภัยกับอาหาร ใช้คีบอาหาร ใช้ประกอบอาหาร ทำบาร์บีคิว
แล้วสารพัดประโยชน์อื่นๆ ได้
* ทนความร้อนได้สูงถึง 260 องศาเซลเซียส
จึงใช้ประกอบอาหารประเภทย่าง ทอด ได้อย่างปลอดภัย ไม่มีสารผิดตกค้าง
* น้ำหนัก 95 กรัม",170.00,20,0.095,15,tool0012,"","","","","","","","","","","","","","","","","","","","","","","","","","","","","","","","","","","","","","","","","","","","","","","","","","","","","","","","","","","","","",https://cdn.shopify.com/s/files/1/1498/3814/products/stainless-steel-food-bread-barbecue-baking-1.jpg?v=1506010817,https://cdn.shopify.com/s/files/1/1498/3814/products/stainless-steel-food-bread-barbecue-baking-2.jpg?v=1506010818,https://cdn.shopify.com/s/files/1/1498/3814/products/stainless-steel-food-bread-barbecue-baking-3.jpg?v=1506010819,https://cdn.shopify.com/s/files/1/1498/3814/products/stainless-steel-food-bread-barbecue-baking-4.jpg?v=1506010820,"","","","",""
0,ไม้เสียบ เค้กป๊อบ โลลิป๊อป Lollipop ขนาด 100x3.5 มม. 100 แท่ง,"ไม้เสียบ เค้กป๊อบ โลลิป๊อป Lollipop ขนาดยาว 100 มม.
เส้นผ่านศูนย์กลาง 3.5 มม. 100 แท่ง
-----------------------------------------------------------------

สินค้าพร้อมส่ง

* ไม้เค้กป๊อป ขนมเค้ก อมยิ้ม ช็อคโกแลต 100 ชิ้น
ใช้สำหรับเป็นเป็นไม้เสียบเค้กป๊อป ขนมเค้ก อมยิ้ม ช็อคโกแลต
ช็อคบอล
* ขนาด ยาว 100 มม. เส้นผ่านศูนย์กลาง 3.5 มม.
* 100 แท่ง ต่อชุด น้ำหนัก 105 กรัม
* ผลิตจากกระดาษ Food Grade ชั้นดี แข็งแรงทนทานและปลอดภัยต่ออาหาร",160.00,12,0.105,15,tool0011,"","","","","","","","","","","","","","","","","","","","","","","","","","","","","","","","","","","","","","","","","","","","","","","","","","","","","","","","","","","","","",https://cdn.shopify.com/s/files/1/1498/3814/products/food-grade-paper-lollipop-sticks-candy-1.jpg?v=1506007644,https://cdn.shopify.com/s/files/1/1498/3814/products/food-grade-paper-lollipop-sticks-candy-2.jpg?v=1506007645,https://cdn.shopify.com/s/files/1/1498/3814/products/food-grade-paper-lollipop-sticks-candy-3.jpg?v=1506007646,https://cdn.shopify.com/s/files/1/1498/3814/products/food-grade-paper-lollipop-sticks-candy-4.jpg?v=1506007647,https://cdn.shopify.com/s/files/1/1498/3814/products/food-grade-paper-lollipop-sticks-candy-5.jpg?v=1506007648,"","","",""
0,พิมพ์ขนมไหว้พระจันทร์ วงกลม ลายดอกไม้ 6 แบบ ขนาดเล็ก สำหรับขนมขนาด 50 กรัม พลาสติก สีขาว,"พิมพ์ขนมไหว้พระจันทร์ วงกลม ลายดอกไม้ 6 แบบ ขนาดเล็ก
สำหรับขนมขนาด 50 กรัม พลาสติก สีขาว
-----------------------------------------------------------------

สินค้าพร้อมส่ง

* เซ็ตแม่พิมพ์ขนมไหว้พระจันทร์ พลาสติก สีขาว 1 ชิ้น พร้อมแม่พิมพ์
6 ลาย
* สำหรับทำขนมไว้พระจันทร์ชิ้นเล็ก เส้นผ่านศูนย์กลาง 4.5 ซม.
หนักประมาณ 50 กรัม
* ผลิตจากพลาสติก Food Grade ชั้นดี ทนทานและปลอดภัยกับอาหาร
* น้ำหนัก 110 กรัม",180.00,10,0.11,15,mold0007,"","","","","","","","","","","","","","","","","","","","","","","","","","","","","","","","","","","","","","","","","","","","","","","","","","","","","","","","","","","","","",https://cdn.shopify.com/s/files/1/1498/3814/products/moon-cake-6-piece-white-4.jpg?v=1506006135,https://cdn.shopify.com/s/files/1/1498/3814/products/moon-cake-6-piece-white-1.jpg?v=1506006136,https://cdn.shopify.com/s/files/1/1498/3814/products/moon-cake-6-piece-white-2.jpg?v=1506006137,https://cdn.shopify.com/s/files/1/1498/3814/products/moon-cake-6-piece-white-3.jpg?v=1506006138,"","","","",""
0,พิมพ์ขนมไหว้พระจันทร์ วงกลม ลายดอกไม้ 4 แบบ ขนาดใหญ่ สำหรับขนมขนาด 100 กรัม พลาสติก สีขาว,"พิมพ์ขนมไหว้พระจันทร์ วงกลม ลาย 4 แบบ ขนาดใหญ่ สำหรับขนมขนาด 100
กรัม พลาสติก สีขาว
-----------------------------------------------------------------

สินค้าพร้อมส่ง

* เซ็ตแม่พิมพ์ขนมไหว้พระจันทร์ พลาสติก สีขาว 1 ชิ้น พร้อมแม่พิมพ์
4 ลาย
* สำหรับทำขนมไว้พระจันทร์ชิ้นใหญ่ เส้นผ่านศูนย์กลาง 6.5 ซม.
หนักประมาณ 100 กรัม
* ขนาดที่กดสูง 14.7 ซม. เส้นผ่านศูนย์กลาง 6.5 ซม.
ขนาดแม่พิมพ์ลายดอกไม้ 6.5 ซม.
* ผลิตจากพลาสติก Food Grade ชั้นดี ทนทานและปลอดภัยกับอาหาร
* น้ำหนัก 148 กรัม",180.00,0,0.15,15,mold0005,"","","","","","","","","","","","","","","","","","","","","","","","","","","","","","","","","","","","","","","","","","","","","","","","","","","","","","","","","","","","","",https://cdn.shopify.com/s/files/1/1498/3814/products/moon-cake-white-1.jpg?v=1506923546,https://cdn.shopify.com/s/files/1/1498/3814/products/moon-cake-white-3.jpg?v=1506923546,"","","","","","",""
0,พิมพ์ขนมไหว้พระจันทร์ วงกลม ลายดอกไม้ 4 แบบ ขนาดใหญ่ สำหรับขนมขนาด 100 กรัม พลาสติก สีชมพู,"พิมพ์ขนมไหว้พระจันทร์ วงกลม ลาย 4 แบบ ขนาดใหญ่ สำหรับขนมขนาด 100
กรัม พลาสติก สีชมพู
-----------------------------------------------------------------

สินค้าพร้อมส่ง

* เซ็ตแม่พิมพ์ขนมไหว้พระจันทร์ พลาสติก สีชมพู 1 ชิ้น
พร้อมแม่พิมพ์ 4 ลาย
* สำหรับทำขนมไว้พระจันทร์ชิ้นใหญ่ เส้นผ่านศูนย์กลาง 6.5 ซม.
หนักประมาณ 100 กรัม
* ขนาดที่กดสูง 14.7 ซม. เส้นผ่านศูนย์กลาง 6.5 ซม.
ขนาดแม่พิมพ์ลายดอกไม้ 6.5 ซม.
* ผลิตจากพลาสติก Food Grade ชั้นดี ทนทานและปลอดภัยกับอาหาร
* น้ำหนัก 148 กรัม",180.00,12,0.15,15,mold0006,"","","","","","","","","","","","","","","","","","","","","","","","","","","","","","","","","","","","","","","","","","","","","","","","","","","","","","","","","","","","","",https://cdn.shopify.com/s/files/1/1498/3814/products/moon-cake-pink-1.jpg?v=1506004820,https://cdn.shopify.com/s/files/1/1498/3814/products/moon-cake-pink-3.jpg?v=1506004820,https://cdn.shopify.com/s/files/1/1498/3814/products/moon-cake-pink-2.jpg?v=1506004820,https://cdn.shopify.com/s/files/1/1498/3814/products/4645018215_385233952.jpg?v=1506013639,https://cdn.shopify.com/s/files/1/1498/3814/products/4647627586_385233952.jpg?v=1506013640,"","","",""
0,แผ่นลายฉลุ สเตนซิล Stencil คำว่า LOVE สำหรับงานแต่งงาน วาเลนไทน์ 1 ชุด,"แผ่นลายฉลุ สเตนซิล Stencil คำว่า LOVE สำหรับงานแต่งงาน วาเลนไทน์
1 ชุด
-----------------------------------------------------------------

สินค้าพร้อมส่ง
* แผ่นลายฉลุ สเตนซิล Stencil คำว่า LOVE สำหรับงานแต่งงาน
วาเลนไทน์ 1 ชุด
* ขนาด 9x9.5 ซม.
* ใช้สำหรับวาดลายคุกกี้ เค้ก ฟองดอง เป็นคำว่า LOVE
ใช้ซ้ำได้เรื่อยๆ",70.00,12,0.01,15,b-cookiecutter0068,"","","","","","","","","","","","","","","","","","","","","","","","","","","","","","","","","","","","","","","","","","","","","","","","","","","","","","","","","","","","","",https://cdn.shopify.com/s/files/1/1498/3814/products/love-stainless-cookie-2.jpg?v=1505384764,"","","","","","","",""
